case,status,ua_total_W_K,initial_heat_input_W,bore_mm,fill_fraction,p_initial_kPa_abs,p_set_kPa_abs,p_reseat_kPa_abs,discharge_coefficient,duration_s,dt_s,first_open_h,episode_count,total_active_s,last_episode_censored,peak_rate_kg_s,released_kg,max_pressure_kPa_abs,end_pressure_kPa_abs,max_mass_residual_kg,max_energy_residual_J,warm_vent_fire_area_m2,warm_vent_hyram_single_area_m2,warm_vent_hyram_independent_area_m2,warm_vent_purple_single_area_m2,error
UA0.4_D4_F0.6_P380_R360_dt20,COMPLETED_HORIZON,0.4,106.98160093684017,4.0,0.6,380.0,390.0,360.0,,21600.0,20.0,,0,0,False,0.0,0.0,387.4103827443022,387.4103827443022,3.637978807091713e-12,1.9837170839309692e-07,,,,,
UA0.4_D6_F0.6_P380_R360_dt20,COMPLETED_HORIZON,0.4,106.98160093684017,6.0,0.6,380.0,390.0,360.0,,21600.0,20.0,,0,0,False,0.0,0.0,387.4103827443022,387.4103827443022,3.637978807091713e-12,1.9837170839309692e-07,,,,,
UA0.4_D10_F0.6_P380_R360_dt20,COMPLETED_HORIZON,0.4,106.98160093684017,10.0,0.6,380.0,390.0,360.0,,21600.0,20.0,,0,0,False,0.0,0.0,387.4103827443022,387.4103827443022,3.637978807091713e-12,1.9837170839309692e-07,,,,,
UA0.4_D18_F0.6_P380_R360_dt20,COMPLETED_HORIZON,0.4,106.98160093684017,18.0,0.6,380.0,390.0,360.0,,21600.0,20.0,,0,0,False,0.0,0.0,387.4103827443022,387.4103827443022,3.637978807091713e-12,1.9837170839309692e-07,,,,,
UA0.6_D4_F0.6_P380_R360_dt20,COMPLETED_HORIZON,0.6,160.47240140526023,4.0,0.6,380.0,390.0,360.0,,21600.0,20.0,5.477777777777778,1,1880.0,True,0.008969730747988302,16.306502566682887,389.9911596955458,368.6661443612269,5.002220859751105e-12,1.5040859580039978e-07,0.1163960114176989,0.0009311680913415913,0.0009311680913415913,0.02327920228353978,
UA0.6_D6_F0.6_P380_R360_dt20,COMPLETED_HORIZON,0.6,160.47240140526023,6.0,0.6,380.0,390.0,360.0,,21600.0,20.0,5.477777777777778,1,1340.0,False,0.020137214057838658,25.83077251349446,389.9911596955458,360.2146468504323,5.002220859751105e-12,1.5040859580039978e-07,0.2596530578559622,0.0020772244628476976,0.002077224462847683,0.05193061157119244,
UA0.6_D10_F0.6_P380_R360_dt20,COMPLETED_HORIZON,0.6,160.47240140526023,10.0,0.6,380.0,390.0,360.0,,21600.0,20.0,5.477777777777778,1,500.0,False,0.0555672611337545,25.37201543655999,389.9911596955458,360.74210247848106,5.002220859751105e-12,1.5040859580039978e-07,0.7163569362804746,0.005730855490243798,0.005730855490243788,0.14327138725609495,
UA0.6_D18_F0.6_P380_R360_dt20,COMPLETED_HORIZON,0.6,160.47240140526023,18.0,0.6,380.0,390.0,360.0,,21600.0,20.0,5.477777777777778,1,160.0,False,0.17876003828278333,24.675838673181083,389.9911596955458,361.395768741451,5.002220859751105e-12,1.5040859580039978e-07,2.3201422495586934,0.12296753922661074,0.12296753922661043,0.4640284499117387,
UA0.8_D4_F0.6_P380_R360_dt20,COMPLETED_HORIZON,0.8,213.96320187368033,4.0,0.6,380.0,390.0,360.0,,21600.0,20.0,4.344444444444444,1,3080.0,False,0.008969376915963619,26.596124696489298,389.98365312369015,361.73346778628263,2.2750690220618708e-12,2.2212043404579163e-07,0.1163960114162547,0.0009311680913300376,0.0009311680913300359,0.023279202283250942,
UA0.8_D6_F0.6_P380_R360_dt20,COMPLETED_HORIZON,0.8,213.96320187368033,6.0,0.6,380.0,390.0,360.0,,21600.0,20.0,4.344444444444444,1,1340.0,False,0.020136413534671736,25.56274949436561,389.98365312369015,362.8105793089909,2.611244553918368e-12,2.2212043404579163e-07,0.25965305770624414,0.0020772244616499534,0.002077224461649927,0.05193061154124883,
UA0.8_D10_F0.6_P380_R360_dt20,COMPLETED_HORIZON,0.8,213.96320187368033,10.0,0.6,380.0,390.0,360.0,,21600.0,20.0,4.344444444444444,1,480.0,False,0.05556096496006382,25.00354171479081,389.98365312369015,363.37011308140563,2.2737367544323206e-12,2.2212043404579163e-07,0.7163568760190157,0.0057308550081521265,0.00573085500815198,0.14327137520380318,
UA0.8_D18_F0.6_P380_R360_dt20,COMPLETED_HORIZON,0.8,213.96320187368033,18.0,0.6,380.0,390.0,360.0,,21600.0,20.0,4.344444444444444,1,160.0,False,0.17868695728431522,24.664364187235744,389.98365312369015,363.68726034310856,2.4016344468691386e-12,2.2212043404579163e-07,2.320118820001861,0.12296629746009863,0.12296629746009798,0.4640237640003722,
UA2_D4_F0.6_P380_R360_dt20,COMPLETED_HORIZON,2.0,534.9080046842008,4.0,0.6,380.0,390.0,360.0,,21600.0,20.0,2.2888888888888888,1,3160.0,False,0.0089535875170465,27.38212721502413,389.98989212222966,370.73874170963154,2.2737367544323206e-12,1.2852251529693604e-07,0.11639601135259946,0.0009311680908207959,0.0009311680908207941,0.0232792022705199,
UA2_D6_F0.6_P380_R360_dt20,COMPLETED_HORIZON,2.0,534.9080046842008,6.0,0.6,380.0,390.0,360.0,,21600.0,20.0,2.2888888888888888,1,1320.0,False,0.02005652543955712,25.673253774309703,389.98989212222966,372.45720249474596,2.2737367544323206e-12,2.812594175338745e-07,0.25965304298541875,0.00207722434388335,0.0020772243438833314,0.051930608597083754,
UA2_D10_F0.6_P380_R360_dt20,COMPLETED_HORIZON,2.0,534.9080046842008,10.0,0.6,380.0,390.0,360.0,,21600.0,20.0,2.2888888888888888,1,480.0,False,0.055169945431553645,24.98326879476849,389.98989212222966,373.2752779806886,2.2737367544323206e-12,1.6274861991405487e-07,0.7163531602114553,0.005730825281691642,0.005730825281691594,0.1432706320422911,
UA2_D18_F0.6_P380_R360_dt20,COMPLETED_HORIZON,2.0,534.9080046842008,18.0,0.6,380.0,390.0,360.0,,21600.0,20.0,2.2888888888888888,1,160.0,False,0.1776130069642949,24.648156514727653,389.98989212222966,373.65439944252944,2.2737367544323206e-12,1.9220169633626938e-07,2.319779105104356,0.12294829257053089,0.12294829257053073,0.46395582102087124,
UA6_D4_F0.6_P380_R360_dt20,COMPLETED_HORIZON,6.0,1604.7240140526023,4.0,0.6,380.0,390.0,360.0,,21600.0,20.0,1.1777777777777778,2,7540.0,True,0.008954192200693432,65.12773897122466,389.9729890470938,364.14798707031923,6.842526545369765e-12,1.7508864402770996e-07,0.11639601135500262,0.000931168090840021,0.0018548868340949175,0.023279202271000526,
UA6_D6_F0.6_P380_R360_dt20,COMPLETED_HORIZON,6.0,1604.7240140526023,6.0,0.6,380.0,390.0,360.0,,21600.0,20.0,1.1777777777777778,2,2980.0,False,0.02005786753106858,57.291670127315975,389.9729890470938,373.7603413967584,3.891997835125949e-12,3.3155083656311035e-07,0.2596530432264663,0.0020772243458117307,0.00413783073434195,0.05193060864529328,
UA6_D10_F0.6_P380_R360_dt20,COMPLETED_HORIZON,6.0,1604.7240140526023,10.0,0.6,380.0,390.0,360.0,,21600.0,20.0,1.1777777777777778,2,1000.0,False,0.05516815489579319,52.705330366221546,389.9785699117265,379.39738718983523,7.190692485892214e-12,4.414469003677368e-07,0.7163529665982006,0.005730824974906974,0.011415806585513342,0.14327062437267438,
UA6_D18_F0.6_P380_R360_dt20,COMPLETED_HORIZON,6.0,1604.7240140526023,18.0,0.6,380.0,390.0,360.0,,21600.0,20.0,1.1777777777777778,2,340.0,False,0.1782918012841849,50.323433996125345,389.9729890470938,382.03653677589756,7.183587058534613e-12,4.7124922275543213e-07,2.31975208924375,0.12295943626580697,0.23941737039580954,0.46399787270115833,
UA20_D4_F0.6_P380_R360_dt20,FAILED_BEFORE_HORIZON,20.0,5349.080046842008,4.0,0.6,380.0,390.0,360.0,,21600.0,20.0,,,,,,,,,,,,,,,ValueError: vapor_mass_kg must be finite and positive
UA20_D6_F0.6_P380_R360_dt20,FAILED_BEFORE_HORIZON,20.0,5349.080046842008,6.0,0.6,380.0,390.0,360.0,,21600.0,20.0,,,,,,,,,,,,,,,ValueError: vapor_mass_kg must be finite and positive
UA20_D10_F0.6_P380_R360_dt20,FAILED_BEFORE_HORIZON,20.0,5349.080046842008,10.0,0.6,380.0,390.0,360.0,,21600.0,20.0,,,,,,,,,,,,,,,ValueError: Recovered liquid density must exceed vapor density
UA20_D18_F0.6_P380_R360_dt20,FAILED_BEFORE_HORIZON,20.0,5349.080046842008,18.0,0.6,380.0,390.0,360.0,,21600.0,20.0,,,,,,,,,,,,,,,ValueError: No common-pressure solution satisfies the rigid tank volume within the configured pressure range
UA60_D4_F0.6_P380_R360_dt20,FAILED_BEFORE_HORIZON,60.0,16047.240140526024,4.0,0.6,380.0,390.0,360.0,,21600.0,20.0,,,,,,,,,,,,,,,ValueError: Recovered liquid density must exceed vapor density
UA60_D6_F0.6_P380_R360_dt20,FAILED_BEFORE_HORIZON,60.0,16047.240140526024,6.0,0.6,380.0,390.0,360.0,,21600.0,20.0,,,,,,,,,,,,,,,ValueError: vapor_mass_kg must be finite and positive
UA60_D10_F0.6_P380_R360_dt20,FAILED_BEFORE_HORIZON,60.0,16047.240140526024,10.0,0.6,380.0,390.0,360.0,,21600.0,20.0,,,,,,,,,,,,,,,ValueError: No common-pressure solution satisfies the rigid tank volume within the configured pressure range
UA60_D18_F0.6_P380_R360_dt20,FAILED_BEFORE_HORIZON,60.0,16047.240140526024,18.0,0.6,380.0,390.0,360.0,,21600.0,20.0,,,,,,,,,,,,,,,ValueError: Recovered liquid density must exceed vapor density
UA0.6_D18_F0.4_P380_R360_dt20,COMPLETED_HORIZON,0.6,160.47240140526023,18.0,0.4,380.0,390.0,360.0,,21600.0,20.0,5.872222222222222,1,140.0,False,0.17900651179890745,21.04185022127864,389.99370510632036,360.6057943744117,2.5011104298755527e-12,1.234002411365509e-07,2.3470160404972926,0.12439185014635652,0.12439185014635624,0.46940320809945857,
UA0.6_D6_F0.4_P380_R360_dt20,COMPLETED_HORIZON,0.6,160.47240140526023,6.0,0.4,380.0,390.0,360.0,,21600.0,20.0,5.872222222222222,1,460.0,True,0.02016116823628452,8.767613915674218,389.99370510632036,374.16499386363967,2.5011104298755527e-12,1.3690441846847534e-07,0.25965306231965196,0.002077224498557216,0.002077224498557187,0.051930612463930395,
UA0.6_D6_F0.8_P380_R360_dt20,COMPLETED_HORIZON,0.6,160.47240140526023,6.0,0.8,380.0,390.0,360.0,,21600.0,20.0,5.222222222222222,1,1560.0,False,0.02057994056557604,31.202235759119358,389.99830509438243,360.68043223246195,5.9117155615240335e-12,2.4354085326194763e-07,0.2687637114709016,0.002150109691767213,0.00215010969176719,0.053752742294180325,
UA0.6_D18_F0.8_P380_R360_dt20,COMPLETED_HORIZON,0.6,160.47240140526023,18.0,0.8,380.0,390.0,360.0,,21600.0,20.0,5.222222222222222,1,180.0,False,0.18321968633186964,31.36075190388344,389.99830509438243,360.76426049152565,5.9117155615240335e-12,2.738088369369507e-07,2.0377966979847004,0.10800322499318916,0.10800322499318905,0.4075593395969402,
UA2_D6_F0.4_P380_R360_dt20,COMPLETED_HORIZON,2.0,534.9080046842008,6.0,0.4,380.0,390.0,360.0,,21600.0,20.0,2.522222222222222,1,1140.0,False,0.02010775907371596,21.79056587452899,389.9996399244291,376.6570999770402,2.476241434123949e-12,1.3015232980251312e-07,0.25965305238185166,0.0020772244190548138,0.002077224419054802,0.051930610476370334,
UA2_D18_F0.4_P380_R360_dt20,COMPLETED_HORIZON,2.0,534.9080046842008,18.0,0.4,380.0,390.0,360.0,,21600.0,20.0,2.522222222222222,1,140.0,False,0.17737327127910454,21.024586501468377,389.9996399244291,377.6585775654992,2.2168933355715126e-12,1.528533175587654e-07,2.319704324185791,0.1229443291818469,0.12294432918184703,0.4639408648371582,
UA2_D18_F0.8_P380_R360_dt20,COMPLETED_HORIZON,2.0,534.9080046842008,18.0,0.8,380.0,390.0,360.0,,21600.0,20.0,1.9722222222222223,1,180.0,False,0.1817634093518242,28.80785469541915,389.97343094705,373.0683754216392,2.2737367544323206e-12,2.5564804673194885e-07,2.012357419104392,0.10665494321253276,0.1066549432125327,0.40247148382087833,
UA2_D6_F0.8_P380_R360_dt20,COMPLETED_HORIZON,2.0,534.9080046842008,6.0,0.8,380.0,390.0,360.0,,21600.0,20.0,1.9722222222222223,1,1560.0,False,0.02049715316854108,30.569776772785197,389.97343094705,371.89742959900053,2.2737367544323206e-12,2.896413207054138e-07,0.2687636953681894,0.0021501095629455156,0.0021501095629454965,0.05375273907363788,
UA6_D6_F0.4_P380_R360_dt20,COMPLETED_HORIZON,6.0,1604.7240140526023,6.0,0.4,380.0,390.0,360.0,,21600.0,20.0,1.3055555555555556,3,2560.0,True,0.02016202719682226,48.29398563693365,389.9580997114976,383.58922040381896,1.6058265828178264e-12,1.210719347000122e-07,0.25965306247849024,0.0020772244998279225,0.00618195241577774,0.05193061249569806,
UA6_D6_F0.8_P380_R360_dt20,FAILED_BEFORE_HORIZON,6.0,1604.7240140526023,6.0,0.8,380.0,390.0,360.0,,21600.0,20.0,,,,,,,,,,,,,,,ValueError: vapor_mass_kg must be finite and positive
UA6_D18_F0.8_P380_R360_dt20,FAILED_BEFORE_HORIZON,6.0,1604.7240140526023,18.0,0.8,380.0,390.0,360.0,,21600.0,20.0,,,,,,,,,,,,,,,ValueError: No common-pressure solution satisfies the rigid tank volume within the configured pressure range
UA6_D18_F0.4_P380_R360_dt20,COMPLETED_HORIZON,6.0,1604.7240140526023,18.0,0.4,380.0,390.0,360.0,,21600.0,20.0,1.3055555555555556,3,380.0,False,0.17880823577459903,57.971212531296246,389.95920882315414,368.09861005545605,2.7142732506035827e-12,2.8312206268310547e-07,2.320157846098175,0.12296836584320331,0.3484530564620579,0.4640315692196351,
UA2_D6_F0.6_P300_R360_dt20,COMPLETED_HORIZON,2.0,537.1683778584403,6.0,0.6,300.0,390.0,360.0,,21600.0,20.0,,0,0,False,0.0,0.0,332.1320394845609,332.1320394845609,3.183231456205249e-12,1.685693860054016e-07,,,,,
UA2_D18_F0.6_P300_R360_dt20,COMPLETED_HORIZON,2.0,537.1683778584403,18.0,0.6,300.0,390.0,360.0,,21600.0,20.0,,0,0,False,0.0,0.0,332.1320394845609,332.1320394845609,3.183231456205249e-12,1.685693860054016e-07,,,,,
UA2_D6_F0.6_P350_R360_dt20,COMPLETED_HORIZON,2.0,535.7124730718087,6.0,0.6,350.0,390.0,360.0,,21600.0,20.0,,0,0,False,0.0,0.0,385.32914957356945,385.32914957356945,6.366462912410498e-12,2.0582228899002075e-07,,,,,
UA6_D6_F0.6_P300_R360_dt20,COMPLETED_HORIZON,6.0,1611.505133575321,6.0,0.6,300.0,390.0,360.0,,21600.0,20.0,5.633333333333334,1,240.0,False,0.019758137728985322,3.9526478782137153,389.94677969890154,368.2821171826208,6.716849298982197e-12,2.644956111907959e-07,0.2506994975123416,0.002005595980098733,0.0020055959800987164,0.05013989950246833,
UA2_D18_F0.6_P350_R360_dt20,COMPLETED_HORIZON,2.0,535.7124730718087,18.0,0.6,350.0,390.0,360.0,,21600.0,20.0,,0,0,False,0.0,0.0,385.32914957356945,385.32914957356945,6.366462912410498e-12,2.0582228899002075e-07,,,,,
UA6_D18_F0.6_P300_R360_dt20,COMPLETED_HORIZON,6.0,1611.505133575321,18.0,0.6,300.0,390.0,360.0,,21600.0,20.0,5.633333333333334,1,40.0,False,0.14328282075742,3.4613405791681506,389.94677969890154,371.9056627130675,6.552092202127824e-12,2.644956111907959e-07,1.830942635980207,0.09703995970695098,0.09703995970695022,0.36618852719604145,
UA6_D6_F0.6_P350_R360_dt20,COMPLETED_HORIZON,6.0,1607.1374192154262,6.0,0.6,350.0,390.0,360.0,,21600.0,20.0,2.827777777777778,2,900.0,False,0.019821727034827853,16.32050569135353,389.99072993222603,382.531379590246,5.8264504332328215e-12,1.1920928955078125e-07,0.25965300065564517,0.002077224017242822,0.004137830253987479,0.05193060043107055,
UA6_D18_F0.6_P350_R360_dt20,COMPLETED_HORIZON,6.0,1607.1374192154262,18.0,0.6,350.0,390.0,360.0,,21600.0,20.0,2.827777777777778,2,120.0,False,0.1693681349136699,15.938932743455926,389.99072993222603,382.9702336379664,5.993427976136445e-12,1.4901161193847656e-07,1.879504045849282,0.11721777479551027,0.21156145928717068,0.44233122564343497,
UA2_D6_F0.6_P380_R400_dt20_S430,COMPLETED_HORIZON,2.0,534.9080046842008,6.0,0.6,380.0,430.0,400.0,,21600.0,20.0,,0,0,False,0.0,0.0,417.10347855289757,417.10347855289757,5.9117155615240335e-12,2.4028122425079346e-07,,,,,
UA2_D6_F0.6_P380_R440_dt20_S470,COMPLETED_HORIZON,2.0,534.9080046842008,6.0,0.6,380.0,470.0,440.0,,21600.0,20.0,,0,0,False,0.0,0.0,417.10347855289757,417.10347855289757,5.9117155615240335e-12,2.4028122425079346e-07,,,,,
UA2_D18_F0.6_P380_R400_dt20_S430,COMPLETED_HORIZON,2.0,534.9080046842008,18.0,0.6,380.0,430.0,400.0,,21600.0,20.0,,0,0,False,0.0,0.0,417.10347855289757,417.10347855289757,5.9117155615240335e-12,2.4028122425079346e-07,,,,,
UA2_D18_F0.6_P380_R440_dt20_S470,COMPLETED_HORIZON,2.0,534.9080046842008,18.0,0.6,380.0,470.0,440.0,,21600.0,20.0,,0,0,False,0.0,0.0,417.10347855289757,417.10347855289757,5.9117155615240335e-12,2.4028122425079346e-07,,,,,
UA6_D6_F0.6_P380_R440_dt20_S470,COMPLETED_HORIZON,6.0,1604.7240140526023,6.0,0.6,380.0,470.0,440.0,,21600.0,20.0,5.011111111111111,1,200.0,False,0.023758565214699195,4.161311657366281,469.9158883262815,465.58868992020297,1.0419221041502169e-11,3.0547380447387695e-07,0.2970387361722601,0.002376309889378081,0.002376309889378055,0.059407747234452024,
UA6_D6_F0.6_P380_R400_dt20_S430,COMPLETED_HORIZON,6.0,1604.7240140526023,6.0,0.6,380.0,430.0,400.0,,21600.0,20.0,3.2222222222222223,3,1140.0,False,0.021786136395164045,22.924868467021586,429.9466882504838,402.0276389817455,8.856915201249649e-12,3.986060619354248e-07,0.278031619659247,0.0022242530031491847,0.00661951919178591,0.05560632507872962,
UA6_D18_F0.6_P380_R400_dt20_S430,COMPLETED_HORIZON,6.0,1604.7240140526023,18.0,0.6,380.0,430.0,400.0,,21600.0,20.0,3.2222222222222223,3,160.0,False,0.189132928631998,16.4303974692513,429.96610231491235,412.4898278933313,8.487432978654397e-12,5.811452865600586e-07,2.030275733480025,0.12888463216515678,0.3261394984855245,0.48635710251002556,
UA2_D18_F0.6_P380_R330_dt20,COMPLETED_HORIZON,2.0,534.9080046842008,18.0,0.6,380.0,390.0,330.0,,21600.0,20.0,2.2888888888888888,1,360.0,False,0.1776130069642949,61.12036639271464,389.98989212222966,345.56842911243956,2.2737367544323206e-12,1.5273690223693848e-07,2.319779105104356,0.12294829257053089,0.12294829257053073,0.46395582102087124,
UA2_D6_F0.6_P380_R330_dt20,COMPLETED_HORIZON,2.0,534.9080046842008,6.0,0.6,380.0,390.0,330.0,,21600.0,20.0,2.2888888888888888,1,3380.0,False,0.02005652543955712,64.80954069456969,389.98989212222966,342.4797993790169,2.2737367544323206e-12,2.3283064365386963e-07,0.25965304298541875,0.00207722434388335,0.0020772243438833314,0.051930608597083754,
UA6_D18_F0.6_P380_R440_dt20_S470,COMPLETED_HORIZON,6.0,1604.7240140526023,18.0,0.6,380.0,470.0,440.0,,21600.0,20.0,5.011111111111111,1,40.0,False,0.17238696736782433,4.16398247008444,469.9158883262815,465.6736303619922,8.848033417052648e-12,3.5762786865234375e-07,2.1348998528273593,0.11314969219985005,0.11314969219985041,0.42697997056547193,
UA2_D6_F0.6_P380_R375_dt20,COMPLETED_HORIZON,2.0,534.9080046842008,6.0,0.6,380.0,390.0,375.0,,21600.0,20.0,2.2888888888888888,1,440.0,False,0.02005652543955712,8.571184903614183,389.98989212222966,389.4556469948499,3.2667202276570606e-12,3.0547380447387695e-07,0.25965304298541875,0.00207722434388335,0.0020772243438833314,0.051930608597083754,
UA2_D18_F0.6_P380_R375_dt20,COMPLETED_HORIZON,2.0,534.9080046842008,18.0,0.6,380.0,390.0,375.0,,21600.0,20.0,2.2888888888888888,2,160.0,False,0.17939466849175528,19.010881252858006,389.98989212222966,375.6435599734011,5.071498776487715e-12,1.280568540096283e-07,2.319779105104356,0.12439831005789964,0.24085707377632132,0.4694275851241496,
UA0.6_D18_F0.6_P380_R360_dt20_Cd0.6,COMPLETED_HORIZON,0.6,160.47240140526023,18.0,0.6,380.0,390.0,360.0,0.6,21600.0,20.0,5.477777777777778,1,220.0,False,0.13426621607577624,24.67360005609875,389.9911596955458,361.39185851425367,5.002220859751105e-12,1.5040859580039978e-07,1.666307592757493,0.08831430241614713,0.08831430241614688,0.33326151855149866,
UA0.6_D6_F0.6_P380_R360_dt20_Cd1,COMPLETED_HORIZON,0.6,160.47240140526023,6.0,0.6,380.0,390.0,360.0,1.0,21600.0,20.0,5.477777777777778,1,1080.0,False,0.02514644327904437,25.605247254355696,389.9911596955458,360.4537767356787,5.002220859751105e-12,1.5040859580039978e-07,0.33693706572462767,0.002695496525797022,0.002695496525797008,0.06738741314492554,
UA0.6_D6_F0.6_P380_R360_dt20_Cd0.6,COMPLETED_HORIZON,0.6,160.47240140526023,6.0,0.6,380.0,390.0,360.0,0.6,21600.0,20.0,5.477777777777778,1,1800.0,False,0.015117976805278918,25.928399761776195,389.9911596955458,360.05951976117893,5.002220859751105e-12,1.5040859580039978e-07,0.18472574972800163,0.0014778059978240127,0.0014778059978239957,0.03694514994560032,
UA0.6_D18_F0.6_P380_R360_dt20_Cd1,COMPLETED_HORIZON,0.6,160.47240140526023,18.0,0.6,380.0,390.0,360.0,1.0,21600.0,20.0,5.477777777777778,1,140.0,False,0.2231372646773951,26.411718761612825,389.9911596955458,359.88315978057267,5.002220859751105e-12,1.5040859580039978e-07,2.449666401329894,0.1298323192704844,0.12983231927048453,0.4899332802659788,
UA6_D6_F0.6_P380_R360_dt20_Cd1,COMPLETED_HORIZON,6.0,1604.7240140526023,6.0,0.6,380.0,390.0,360.0,1.0,21600.0,20.0,1.1777777777777778,2,2320.0,False,0.025022448688938503,55.54549931359922,389.9729890470938,375.9321841863911,5.297096095091547e-12,2.430751919746399e-07,0.33693701386203273,0.002695496110896261,0.0052884008558047755,0.06738740277240657,
UA6_D6_F0.6_P380_R360_dt20_Cd0.6,COMPLETED_HORIZON,6.0,1604.7240140526023,6.0,0.6,380.0,390.0,360.0,0.6,21600.0,20.0,1.1777777777777778,2,4160.0,False,0.01507341140891326,60.59088835296143,389.99739316555036,369.50357914168575,3.637978807091713e-12,2.775341272354126e-07,0.1847257469923863,0.0014778059759390904,0.002943789446299421,0.036945149398477276,
UA6_D18_F0.6_P380_R360_dt20_Cd0.6,COMPLETED_HORIZON,6.0,1604.7240140526023,18.0,0.6,380.0,390.0,360.0,0.6,21600.0,20.0,1.1777777777777778,2,420.0,False,0.13397279301207715,50.03496647986567,389.9729890470938,382.3643521657692,8.000711204658728e-12,5.010515451431274e-07,1.6661667756194702,0.08831169845402563,0.1719480280313047,0.3332516922793421,
UA6_D18_F0.6_P380_R360_dt20_Cd1,COMPLETED_HORIZON,6.0,1604.7240140526023,18.0,0.6,380.0,390.0,360.0,1.0,21600.0,20.0,1.1777777777777778,2,260.0,False,0.22152889499980244,51.192579445311466,389.99305664991005,381.14445118953137,4.778399897986674e-12,2.5331974029541016e-07,2.4485430651925597,0.12977278245520565,0.25137320960460846,0.489708613038512,
