time_s,pressure_kPa_abs,rate_kg_s,cum_release_kg,lower_wall_K,upper_wall_K
0.0,380.0,0.0,0.0,25.695997657899554,25.695997657899554
20.0,380.00003873643846,0.0,0.0,25.697066205134913,25.697422949632408
40.0,380.00015485884524,0.0,0.0,25.698132219406958,25.69884598712723
60.0,380.00034802222444,0.0,0.0,25.699195707578856,25.700266777843954
80.0,380.0006178804256,0.0,0.0,25.700256676495307,25.701685329213014
100.0,380.00096414847883,0.0,0.0,25.701315132982636,25.703101648637
120.0,380.00138653702066,0.0,0.0,25.702371083848792,25.704515743488784
140.0,380.0018846771904,0.0,0.0,25.70342453588349,25.705927621114924
160.0,380.00245829549834,0.0,0.0,25.704475495858176,25.707337288833006
180.0,380.00310708723526,0.0,0.0,25.70552397052613,25.708744753933562
200.0,380.00383075006624,0.0,0.0,25.706569966622475,25.710150023678562
220.0,380.00462896005394,0.0,0.0,25.70761349086425,25.711553105302652
240.0,380.0055014204284,0.0,0.0,25.7086545499504,25.712954006012623
260.0,380.0064478314927,0.0,0.0,25.70969315056191,25.714352732988655
280.0,380.00746788001794,0.0,0.0,25.710729299361876,25.715749293383283
300.0,380.00856127371117,0.0,0.0,25.711763002995383,25.71714369432123
320.0,380.00972773737504,0.0,0.0,25.7127942680897,25.718535942900537
340.0,380.01096694643644,0.0,0.0,25.713823101254302,25.719926046192146
360.0,380.01227857946867,0.0,0.0,25.714849509080995,25.721314011240533
380.0,380.013662388556,0.0,0.0,25.715873498143495,25.72269984506282
400.0,380.01511807024104,0.0,0.0,25.716895074998558,25.72408355465007
420.0,380.0166452916009,0.0,0.0,25.717914246184623,25.725465146966844
440.0,380.01824380686764,0.0,0.0,25.71893101822276,25.726844628949916
460.0,380.01991330331975,0.0,0.0,25.71994539761656,25.728222007510944
480.0,380.0216534917727,0.0,0.0,25.7209573908522,25.72959728953509
500.0,380.0234641053456,0.0,0.0,25.721967004398252,25.730970481880984
520.0,380.02534479441783,0.0,0.0,25.722974244706226,25.73234159138206
540.0,380.02729533240966,0.0,0.0,25.723979118210227,25.733710624844086
560.0,380.02931541120205,0.0,0.0,25.724981631326155,25.73507758904874
580.0,380.031404765412,0.0,0.0,25.72598179045425,25.736442490751145
600.0,380.0335630581201,0.0,0.0,25.726979601976318,25.737805336680417
620.0,380.03579006217535,0.0,0.0,25.72797507225739,25.739166133540326
640.0,380.0380854679386,0.0,0.0,25.728968207644805,25.740524888009944
660.0,380.0404490295946,0.0,0.0,25.72995901446959,25.741881606742336
680.0,380.0428804256768,0.0,0.0,25.73094749904619,25.743236296365676
700.0,380.04537939801793,0.0,0.0,25.731933667672337,25.744588963482414
720.0,380.04794566686917,0.0,0.0,25.732917526625954,25.745939614670814
740.0,380.05057892984587,0.0,0.0,25.733899082170282,25.747288256483223
760.0,380.05327893567147,0.0,0.0,25.734878340550786,25.748634895446408
780.0,380.05604542344753,0.0,0.0,25.735855308001106,25.749979538064512
800.0,380.05887809466134,0.0,0.0,25.736829990728747,25.751322190816026
820.0,380.06177676590295,0.0,0.0,25.737802394931542,25.752662860153904
840.0,380.06474102298716,0.0,0.0,25.73877252679045,25.754001552508896
860.0,380.0677706779433,0.0,0.0,25.73974039246838,25.7553382742861
880.0,380.0708654463971,0.0,0.0,25.74070599810755,25.756673031864675
900.0,380.07402500266693,0.0,0.0,25.741669349835856,25.758005831600794
920.0,380.07724925255155,0.0,0.0,25.742630453768236,25.759336679826504
940.0,380.0805377495481,0.0,0.0,25.743589316007707,25.760665582853054
960.0,380.0838902930285,0.0,0.0,25.744545942632335,25.761992546963885
980.0,380.08730653176985,0.0,0.0,25.745500339700005,25.763317578416604
1000.0,380.0907864285591,0.0,0.0,25.746452513254273,25.764640683449215
1020.0,380.09432955766346,0.0,0.0,25.747402469340056,25.765961868278424
1040.0,380.0979356823159,0.0,0.0,25.7483502139614,25.767281139090187
1060.0,380.10160456013705,0.0,0.0,25.749295753116442,25.768598502050708
1080.0,380.10533593449475,0.0,0.0,25.75023909280101,25.76991396330548
1100.0,380.10912940678594,0.0,0.0,25.751180238970388,25.771227528972208
1120.0,380.11298501222393,0.0,0.0,25.752119197582928,25.772539205149304
1140.0,380.11690223003177,0.0,0.0,25.75305597455928,25.773848997906963
1160.0,380.12088091060104,0.0,0.0,25.75399057582272,25.775156913295284
1180.0,380.124920790604,0.0,0.0,25.7549230072951,25.77646295734589
1200.0,380.12902167878093,0.0,0.0,25.75585327483377,25.777767136057914
1220.0,380.13318308869,0.0,0.0,25.756781384333568,25.77906945541888
1240.0,380.13740511660797,0.0,0.0,25.757707341623505,25.780369921380956
1260.0,380.14168734739434,0.0,0.0,25.75863115255745,25.781668539884787
1280.0,380.14602952480686,0.0,0.0,25.759552822972076,25.782965316848152
1300.0,380.15043135630305,0.0,0.0,25.760472358672054,25.784260258160693
1320.0,380.1548925344395,0.0,0.0,25.76138976543541,25.785553369688532
1340.0,380.15941301145597,0.0,0.0,25.762305049038503,25.78684465727762
1360.0,380.1639924103908,0.0,0.0,25.763218215235852,25.78813412675538
1380.0,380.1686307048716,0.0,0.0,25.764129269789773,25.789421783927285
1400.0,380.17332712181434,0.0,0.0,25.7650382184116,25.790707634570648
1420.0,380.1780821627809,0.0,0.0,25.765945066834675,25.7919916844472
1440.0,380.182895033459,0.0,0.0,25.766849820765803,25.793273939297112
1460.0,380.1877656118265,0.0,0.0,25.767752485875466,25.79455440483307
1480.0,380.1926937110151,0.0,0.0,25.76865306780862,25.79583308674404
1500.0,380.1976790704302,0.0,0.0,25.76955157228195,25.79710999071652
1520.0,380.2027210822948,0.0,0.0,25.77044800485096,25.798385122382772
1540.0,380.2078202448295,0.0,0.0,25.771342371198163,25.799658487385624
1560.0,380.21297596848416,0.0,0.0,25.772234676884928,25.800930091324837
1580.0,380.2181884350582,0.0,0.0,25.773124927581346,25.802199939805575
1600.0,380.22345658389906,0.0,0.0,25.774013128827118,25.803468038384842
1620.0,380.22878058276416,0.0,0.0,25.77489928617492,25.804734392605308
1640.0,380.23416020230576,0.0,0.0,25.775783405172223,25.80599900799119
1660.0,380.23959521082764,0.0,0.0,25.776665491351544,25.807261890045858
1680.0,380.24508537683624,0.0,0.0,25.777545550230496,25.80852304425189
1700.0,380.25063047246823,0.0,0.0,25.77842358731182,25.809782476071153
1720.0,380.2562302608446,0.0,0.0,25.779299608083427,25.811040190944897
1740.0,380.2618845317415,0.0,0.0,25.780173618018424,25.812296194293797
1760.0,380.267593039904,0.0,0.0,25.781045622575185,25.813550491518118
1780.0,380.2733555477506,0.0,0.0,25.781915627197353,25.81480308799768
1800.0,380.27917188374226,0.0,0.0,25.78278363731314,25.816053989091856
1820.0,380.2850417690901,0.0,0.0,25.783649658338412,25.817303200140245
1840.0,380.2909649968544,0.0,0.0,25.784513695672118,25.81855072646167
1860.0,380.2969413440496,0.0,0.0,25.785375754699487,25.819796573355553
1880.0,380.3029705904414,0.0,0.0,25.786235840771923,25.82104074609634
1900.0,380.30905251270224,0.0,0.0,25.787093959284142,25.822283249952168
1920.0,380.3151868910479,0.0,0.0,25.787950115558587,25.823524090157843
1940.0,380.32137350584355,0.0,0.0,25.78880431492259,25.82476327193292
1960.0,380.32761213828735,0.0,0.0,25.78965656268912,25.826000800477264
1980.0,380.333902570408,0.0,0.0,25.790506864156818,25.827236680971133
2000.0,380.3402445771559,0.0,0.0,25.791355224610026,25.8284709185752
2020.0,380.34663796595703,0.0,0.0,25.792201649318855,25.829703518430797
2040.0,380.35308247595395,0.0,0.0,25.793046143539183,25.83093448565979
2060.0,380.3595779652775,0.0,0.0,25.793888712512718,25.83216382536473
2080.0,380.3661241551888,0.0,0.0,25.794729361467034,25.83339154262897
2100.0,380.37272085428276,0.0,0.0,25.795568095615593,25.834617642516672
2120.0,380.3793678503341,0.0,0.0,25.7964049201578,25.83584213007293
2140.0,380.3860649319187,0.0,0.0,25.797239840279037,25.83706501032382
2160.0,380.39281188843097,0.0,0.0,25.798072861150686,25.838286288276464
2180.0,380.3996085100556,0.0,0.0,25.798903987930192,25.839505968919184
2200.0,380.4064545877746,0.0,0.0,25.799733225761074,25.840724057221447
2220.0,380.4133499133794,0.0,0.0,25.800560579772977,25.841940558134024
2240.0,380.4202942794367,0.0,0.0,25.801386055081704,25.84315547658904
2260.0,380.4272874793177,0.0,0.0,25.802209656789252,25.844368817500047
2280.0,380.4343293071647,0.0,0.0,25.803031389983857,25.845580585762086
2300.0,380.44141955792526,0.0,0.0,25.803851259740018,25.8467907862518
2320.0,380.44855802729853,0.0,0.0,25.80466927111854,25.847999423827435
2340.0,380.4557444600846,0.0,0.0,25.80548542916658,25.849206503328976
2360.0,380.4629788086504,0.0,0.0,25.806299738915783,25.850412029577768
2380.0,380.4702607126855,0.0,0.0,25.807112205389846,25.85161600737825
2400.0,380.4775900324226,0.0,0.0,25.807922833593285,25.852818441515545
2420.0,380.48496655771095,0.0,0.0,25.808731628518977,25.854019336757204
2440.0,380.4923900921223,0.0,0.0,25.809538595146325,25.855218697852806
2460.0,380.49986043675347,0.0,0.0,25.81034373844129,25.856416529534105
2480.0,380.5073773934541,0.0,0.0,25.811147063356426,25.857612836515028
2500.0,380.5149407648259,0.0,0.0,25.811948574830918,25.85880762349178
2520.0,380.52255035422905,0.0,0.0,25.812748277790618,25.860000895142917
2540.0,380.53020596576033,0.0,0.0,25.813546177148076,25.861192656129397
2560.0,380.53790740427297,0.0,0.0,25.81434227780258,25.862382911094652
2580.0,380.5456544753556,0.0,0.0,25.81513658464019,25.86357166466467
2600.0,380.5534469853386,0.0,0.0,25.81592910253377,25.864758921448026
2620.0,380.56128474128843,0.0,0.0,25.81671983634303,25.865944686036027
2640.0,380.56916755100434,0.0,0.0,25.817508790914555,25.867128963002674
2660.0,380.57709522253595,0.0,0.0,25.818295971081845,25.868311756904802
2680.0,380.5850675665956,0.0,0.0,25.81908138166534,25.86949307228213
2700.0,380.59308439171446,0.0,0.0,25.819865027472467,25.870672913657305
2720.0,380.6011455090857,0.0,0.0,25.82064691329767,25.87185128553603
2740.0,380.60925073013533,0.0,0.0,25.821427043922437,25.873028192407048
2760.0,380.61739986701025,0.0,0.0,25.822205424115346,25.874203638742248
2780.0,380.6255927325701,0.0,0.0,25.822982058632096,25.87537762899674
2800.0,380.63382914038135,0.0,0.0,25.823756952215536,25.876550167608908
2820.0,380.64210890472816,0.0,0.0,25.824530109595706,25.877721259000463
2840.0,380.6504318405962,0.0,0.0,25.825301535489867,25.878890907576533
2860.0,380.6587977636756,0.0,0.0,25.826071234602537,25.880059117725704
2880.0,380.6672064903548,0.0,0.0,25.826839211625522,25.881225893820098
2900.0,380.67565783772284,0.0,0.0,25.827605471237952,25.88239124021543
2920.0,380.6841516235629,0.0,0.0,25.828370018106316,25.883555161251074
2940.0,380.69268766635673,0.0,0.0,25.829132856884495,25.88471766125013
2960.0,380.70126578526646,0.0,0.0,25.829893992213794,25.88587874451947
2980.0,380.70988580014483,0.0,0.0,25.83065342872298,25.88703841534983
3000.0,380.718547531537,0.0,0.0,25.831411171028304,25.888196678015845
3020.0,380.72725080066203,0.0,0.0,25.83216722373355,25.889353536776124
3040.0,380.73599542942355,0.0,0.0,25.832921591430054,25.89050899587331
3060.0,380.74478124039325,0.0,0.0,25.83367427869675,25.89166305953415
3080.0,380.7536080568299,0.0,0.0,25.834425290100192,25.892815731969534
3100.0,380.7624757026583,0.0,0.0,25.835174630194594,25.89396701737457
3120.0,380.77138400246895,0.0,0.0,25.83592230352186,25.89511691992867
3140.0,380.78033278153015,0.0,0.0,25.836668314611615,25.896265443795563
3160.0,380.7893218657578,0.0,0.0,25.83741266798124,25.897412593123384
3180.0,380.79835108174643,0.0,0.0,25.83815536813591,25.89855837204473
3200.0,380.80742025673874,0.0,0.0,25.838896419568623,25.899702784676716
3220.0,380.81652921863724,0.0,0.0,25.83963582676022,25.900845835121046
3240.0,380.82567779600265,0.0,0.0,25.840373594179432,25.90198752746406
3260.0,380.8348658180389,0.0,0.0,25.841109726282912,25.903127865776792
3280.0,380.84409311460763,0.0,0.0,25.841844227515264,25.904266854115047
3300.0,380.85335951620993,0.0,0.0,25.84257710230907,25.905404496519438
3320.0,380.862664853996,0.0,0.0,25.843308355084925,25.90654079701546
3340.0,380.87200895975764,0.0,0.0,25.84403799025148,25.90767575961354
3360.0,380.8813916659265,0.0,0.0,25.844766012205458,25.9088093883091
3380.0,380.89081280556593,0.0,0.0,25.845492425331695,25.90994168708261
3400.0,380.9002722123762,0.0,0.0,25.846217234003166,25.91107265989966
3420.0,380.9097697206903,0.0,0.0,25.846940442581023,25.91220231071099
3440.0,380.91930516547706,0.0,0.0,25.84766205541462,25.91333064345257
3460.0,380.92887838232537,0.0,0.0,25.848382076841553,25.91445766204566
3480.0,380.93848920744296,0.0,0.0,25.84910051118768,25.915583370396845
3500.0,380.9481374776776,0.0,0.0,25.84981736276716,25.916707772398112
3520.0,380.95782303047645,0.0,0.0,25.85053263588248,25.917830871926895
3540.0,380.9675457039219,0.0,0.0,25.8512463348245,25.91895267284614
3560.0,380.97730533670654,0.0,0.0,25.85195846387246,25.920073179004344
3580.0,380.9871017681244,0.0,0.0,25.85266902729403,25.921192394235636
3600.0,380.99693483810466,0.0,0.0,25.853378029345336,25.922310322359813
3620.0,381.00680438714903,0.0,0.0,25.854085474270985,25.9234269671824
3640.0,381.0167102564057,0.0,0.0,25.8547913663041,25.924542332494713
3660.0,381.0266522876014,0.0,0.0,25.855495709666354,25.9256564220739
3680.0,381.0366303230679,0.0,0.0,25.856198508567996,25.926769239683004
3700.0,381.0466442057377,0.0,0.0,25.856899767207885,25.92788078907102
3720.0,381.0566937791451,0.0,0.0,25.857599489773516,25.92899107397294
3740.0,381.06677888741126,0.0,0.0,25.858297680441055,25.930100098109826
3760.0,381.07689937525606,0.0,0.0,25.858994343375365,25.931207865188835
3780.0,381.08705508798346,0.0,0.0,25.859689482730033,25.932314378903296
3800.0,381.09724587149117,0.0,0.0,25.860383102647415,25.933419642932755
3820.0,381.10747157226194,0.0,0.0,25.86107520725865,25.934523660943025
3840.0,381.11773203735214,0.0,0.0,25.861765800683703,25.935626436586247
3860.0,381.1280271144123,0.0,0.0,25.862454887031376,25.93672797350094
3880.0,381.1383566516645,0.0,0.0,25.863142470399357,25.937828275312047
3900.0,381.148720497912,0.0,0.0,25.863828554874242,25.938927345630994
3920.0,381.15911850253025,0.0,0.0,25.864513144531568,25.940025188055742
3940.0,381.16955051546495,0.0,0.0,25.865196243435832,25.941121806170838
3960.0,381.18001638723223,0.0,0.0,25.865877855640537,25.94221720354746
3980.0,381.1905159689239,0.0,0.0,25.866557985188205,25.943311383743485
4000.0,381.20104911218715,0.0,0.0,25.86723663611042,25.94440435030352
4020.0,381.211615669239,0.0,0.0,25.867913812427844,25.945496106758977
4040.0,381.22221549286616,0.0,0.0,25.86858951815026,25.946586656628092
4060.0,381.2328484363755,0.0,0.0,25.869263757276588,25.947676003416007
4080.0,381.24351435369226,0.0,0.0,25.86993653379493,25.948764150614803
4100.0,381.25421309925423,0.0,0.0,25.87060785168258,25.94985110170356
4120.0,381.26494452806514,0.0,0.0,25.87127771490606,25.950936860148392
4140.0,381.27570849567667,0.0,0.0,25.871946127421165,25.952021429402517
4160.0,381.28650485818895,0.0,0.0,25.872613093172962,25.953104812906293
4180.0,381.2973334722541,0.0,0.0,25.873278616095842,25.954187014087267
4200.0,381.30819419506673,0.0,0.0,25.87394270011354,25.955268036360238
4220.0,381.31908688435976,0.0,0.0,25.87460534913916,25.956347883127286
4240.0,381.33001139841514,0.0,0.0,25.875266567075215,25.957426557777843
4260.0,381.3409675960412,0.0,0.0,25.875926357813647,25.95850406368872
4280.0,381.3519553365927,0.0,0.0,25.87658472523585,25.959580404224177
4300.0,381.3629744799614,0.0,0.0,25.87724167321271,25.960655582735953
4320.0,381.37402488656045,0.0,0.0,25.877897205604622,25.961729602563324
4340.0,381.38510641734325,0.0,0.0,25.87855132626153,25.962802467033146
4360.0,381.3962189337802,0.0,0.0,25.879204039022945,25.963874179459914
4380.0,381.4073622978866,0.0,0.0,25.879855347717978,25.964944743145793
4400.0,381.4185363721825,0.0,0.0,25.880505256165364,25.96601416138068
4420.0,381.42974101972135,0.0,0.0,25.881153768173494,25.967082437442244
4440.0,381.4409761040782,0.0,0.0,25.88180088754044,25.96814957459597
4460.0,381.452241489339,0.0,0.0,25.882446618053983,25.969215576095213
4480.0,381.46353704010914,0.0,0.0,25.88309096349164,25.970280445181245
4500.0,381.47486262151426,0.0,0.0,25.883733927620693,25.971344185083296
4520.0,381.48621809918484,0.0,0.0,25.88437551419822,25.972406799018604
4540.0,381.49760333926645,0.0,0.0,25.88501572697111,25.973468290192457
4560.0,381.5090182084095,0.0,0.0,25.885654569676102,25.97452866179825
4580.0,381.52046257377765,0.0,0.0,25.886292046039813,25.975587917017513
4600.0,381.53193630303633,0.0,0.0,25.88692815977875,25.976646059019973
4620.0,381.54343926434683,0.0,0.0,25.887562914599357,25.977703090963594
4640.0,381.5549713263844,0.0,0.0,25.888196314198026,25.97875901599462
4660.0,381.5665323583144,0.0,0.0,25.888828362261137,25.97981383724762
4680.0,381.5781222298019,0.0,0.0,25.889459062465072,25.980867557845535
4700.0,381.5897408110073,0.0,0.0,25.89008841847625,25.981920180899728
4720.0,381.6013879725044,0.0,0.0,25.89071643395115,25.98297170951001
4740.0,381.6130635855962,0.0,0.0,25.891343112536344,25.984022146764712
4760.0,381.6247675218464,0.0,0.0,25.89196845786851,25.98507149574071
4780.0,381.6364996533682,0.0,0.0,25.89259247357448,25.98611975950347
4800.0,381.6482598527801,0.0,0.0,25.893215163271243,25.987166941107102
4820.0,381.6600479931716,0.0,0.0,25.893836530565984,25.988213043594392
4840.0,381.67186394811694,0.0,0.0,25.894456579056108,25.989258069996854
4860.0,381.68370759167726,0.0,0.0,25.89507531232927,25.99030202333477
4880.0,381.695578798387,0.0,0.0,25.89569273396339,25.991344906617236
4900.0,381.707477443254,0.0,0.0,25.896308847526697,25.9923867228422
4920.0,381.7194034017706,0.0,0.0,25.896923656577737,25.9934274749965
4940.0,381.7313565498946,0.0,0.0,25.89753716466541,25.994467166055934
4960.0,381.7433367640601,0.0,0.0,25.898149375328984,25.995505798985267
4980.0,381.7553439211695,0.0,0.0,25.898760292098142,25.99654337673829
5000.0,381.76737789859214,0.0,0.0,25.899369918492983,25.997579902257876
5020.0,381.7794385741627,0.0,0.0,25.899978258024067,25.99861537847599
5040.0,381.7915258261868,0.0,0.0,25.90058531419243,25.999649808313755
5060.0,381.8036395334222,0.0,0.0,25.90119109048961,26.000683194681493
5080.0,381.8157795750973,0.0,0.0,25.901795590397683,26.001715540478756
5100.0,381.827945830893,0.0,0.0,25.90239881738927,26.002746848594374
5120.0,381.8401381809543,0.0,0.0,25.903000774927577,26.00377712190649
5140.0,381.85235650587475,0.0,0.0,25.903601466466416,26.004806363282615
5160.0,381.8646006866967,0.0,0.0,25.90420089545023,26.00583457557965
5180.0,381.876870604953,0.0,0.0,25.904799065314123,26.006861761643947
5200.0,381.88916614255703,0.0,0.0,25.905395979483867,26.00788792431133
5220.0,381.90148718194143,0.0,0.0,25.90599164137595,26.008913066407146
5240.0,381.9138335961759,0.0,0.0,25.906586054397593,26.009937190746307
5260.0,381.9262052881346,0.0,0.0,25.907179221946762,26.010960300133302
5280.0,381.93860213174315,0.0,0.0,25.907771147412216,26.01198239736231
5300.0,381.95102401119266,0.0,0.0,25.908361834173515,26.01300348521717
5320.0,381.9634708111068,0.0,0.0,25.908951285601045,26.014023566471437
5340.0,381.9759424165349,0.0,0.0,25.90953950505605,26.015042643888435
5360.0,381.98843871297873,0.0,0.0,25.91012649589065,26.016060720221287
5380.0,382.000959586371,0.0,0.0,25.910712261447877,26.01707779821295
5400.0,382.01350492308404,0.0,0.0,25.911296805061678,26.018093880596258
5420.0,382.02607460990754,0.0,0.0,25.911880130056964,26.019108970093974
5440.0,382.0386685340744,0.0,0.0,25.912462239749615,26.020123069418812
5460.0,382.05128658324975,0.0,0.0,25.913043137446515,26.02113618127348
5480.0,382.06392864551765,0.0,0.0,25.91362282644557,26.02214830835072
5500.0,382.076594609391,0.0,0.0,25.914201310035743,26.023159453333342
5520.0,382.08928436380137,0.0,0.0,25.914778591497058,26.024169618894277
5540.0,382.1019977981108,0.0,0.0,25.91535467410064,26.025178807696594
5560.0,382.11473480210464,0.0,0.0,25.915929561108744,26.026187022393554
5580.0,382.1274952659596,0.0,0.0,25.916503255774753,26.027194265628637
5600.0,382.14027908031557,0.0,0.0,25.917075761343234,26.02820054003559
5620.0,382.1530861361968,0.0,0.0,25.917647081049935,26.029205848238455
5640.0,382.1659163250532,0.0,0.0,25.918217218121825,26.03021019285161
5660.0,382.17876953874026,0.0,0.0,25.918786175777115,26.031213576479807
5680.0,382.19164566953367,0.0,0.0,25.91935395722527,26.032216001718208
5700.0,382.2045446101148,0.0,0.0,25.91992056566705,26.033217471152422
5720.0,382.21746625358304,0.0,0.0,25.920486004294514,26.034217987358545
5740.0,382.2304104934068,0.0,0.0,25.921050276291066,26.03521755290319
5760.0,382.2433772235188,0.0,0.0,25.92161338483146,26.03621617034353
5780.0,382.2563663382127,0.0,0.0,25.922175333081828,26.03721384222732
5800.0,382.26937773221005,0.0,0.0,25.922736124199705,26.03821057109296
5820.0,382.2824113005962,0.0,0.0,25.923295761334057,26.03920635946951
5840.0,382.29546693888295,0.0,0.0,25.92385424762529,26.040201209876727
5860.0,382.3085445429955,0.0,0.0,25.924411586205288,26.041195124825105
5880.0,382.32164400922574,0.0,0.0,25.924967780197427,26.042188106815917
5900.0,382.3347652342736,0.0,0.0,25.925522832716602,26.04318015834124
5920.0,382.34790811523936,0.0,0.0,25.926076746869242,26.04417128188399
5940.0,382.3610725495774,0.0,0.0,25.926629525753345,26.045161479917972
5960.0,382.3742584351641,0.0,0.0,25.927181172458493,26.046150754907895
5980.0,382.38746567028727,0.0,0.0,25.927731690065876,26.04713910930942
6000.0,382.40069415358107,0.0,0.0,25.92828108164831,26.04812654556919
6020.0,382.41394378409143,0.0,0.0,25.928829350270274,26.049113066124868
6040.0,382.4272144612023,0.0,0.0,25.92937649898791,26.050098673405166
6060.0,382.44050608476175,0.0,0.0,25.92992253084907,26.051083369829886
6080.0,382.45381855490683,0.0,0.0,25.930467448893314,26.05206715780995
6100.0,382.4671517722343,0.0,0.0,25.931011256151958,26.053050039747436
6120.0,382.48050563768186,0.0,0.0,25.931553955648067,26.05403201803561
6140.0,382.4938800525773,0.0,0.0,25.932095550396504,26.05501309505896
6160.0,382.5072749185735,0.0,0.0,25.932636043403935,26.05599327319323
6180.0,382.5206901377842,0.0,0.0,25.93317543766886,26.05697255480546
6200.0,382.53412561263855,0.0,0.0,25.933713736181634,26.057950942254003
6220.0,382.5475812459521,0.0,0.0,25.93425094192448,26.05892843788858
6240.0,382.5610569409062,0.0,0.0,25.934787057871514,26.059905044050293
6260.0,382.5745526010576,0.0,0.0,25.93532208698878,26.060880763071673
6280.0,382.58806813032487,0.0,0.0,25.93585603223426,26.061855597276708
6300.0,382.6016034330158,0.0,0.0,25.936388896557894,26.06282954898087
6320.0,382.6151584137223,0.0,0.0,25.936920682901604,26.063802620491153
6340.0,382.62873297752026,0.0,0.0,25.93745139419932,26.064774814106112
6360.0,382.642327029783,0.0,0.0,25.937981033377003,26.065746132115883
6380.0,382.6559404762127,0.0,0.0,25.93850960335265,26.066716576802218
6400.0,382.66957322292296,0.0,0.0,25.939037107036334,26.067686150438526
6420.0,382.6832251763519,0.0,0.0,25.939563547330216,26.068654855289896
6440.0,382.6968962433447,0.0,0.0,25.94008892712857,26.069622693613134
6460.0,382.7105863310508,0.0,0.0,25.940613249317803,26.070589667656794
6480.0,382.72429534701354,0.0,0.0,25.94113651677647,26.071555779661203
6500.0,382.73802319905525,0.0,0.0,25.941658732375313,26.072521031858503
6520.0,382.7517697954298,0.0,0.0,25.942179898977255,26.073485426472672
6540.0,382.7655350446862,0.0,0.0,25.94270001943745,26.07444896571957
6560.0,382.7793188558108,0.0,0.0,25.94321909660328,26.075411651806952
6580.0,382.79312113800717,0.0,0.0,25.943737133314386,26.076373486934514
6600.0,382.80694180089125,0.0,0.0,25.944254132402698,26.077334473293917
6620.0,382.82078075446515,0.0,0.0,25.944770096692437,26.078294613068813
6640.0,382.834637909039,0.0,0.0,25.94528502900015,26.079253908434893
6660.0,382.84851317520474,0.0,0.0,25.945798932134725,26.080212361559894
6680.0,382.86240646397476,0.0,0.0,25.94631180889741,26.08116997460365
6700.0,382.8763176866733,0.0,0.0,25.946823662081833,26.08212674971811
6720.0,382.8902467549414,0.0,0.0,25.947334494474035,26.083082689047377
6740.0,382.9041935808271,0.0,0.0,25.94784430885247,26.084037794727724
6760.0,382.918158076641,0.0,0.0,25.948353107988044,26.084992068887644
6780.0,382.93214015505913,0.0,0.0,25.948860894644124,26.085945513647864
6800.0,382.94613972910633,0.0,0.0,25.949367671576564,26.08689813112138
6820.0,382.96015671203907,0.0,0.0,25.949873441533715,26.087849923413486
6840.0,382.97419101763495,0.0,0.0,25.950378207256463,26.08880089262181
6860.0,382.98824255977587,0.0,0.0,25.950881971478243,26.089751040836326
6880.0,383.0023112529004,0.0,0.0,25.951384736925036,26.09070037013941
6900.0,383.0163970115424,0.0,0.0,25.951886506315425,26.091648882605842
6920.0,383.0304997507691,0.0,0.0,25.952387282360593,26.092596580302853
6940.0,383.04461938587866,0.0,0.0,25.952887067764355,26.09354346529015
6960.0,383.05875583243767,0.0,0.0,25.953385865223158,26.094489539619936
6980.0,383.07290900638753,0.0,0.0,25.95388367742612,26.09543480533695
7000.0,383.0870788240972,0.0,0.0,25.954380507055046,26.096379264478497
7020.0,383.10126520201646,0.0,0.0,25.954876356784442,26.09732291907446
7040.0,383.11546805715426,0.0,0.0,25.95537122928154,26.09826577114735
7060.0,383.1296873066999,0.0,0.0,25.955865127206312,26.099207822712316
7080.0,383.1439228681896,0.0,0.0,25.9563580532115,26.100149075777185
7100.0,383.1581746594773,0.0,0.0,25.956850009942617,26.101089532342485
7120.0,383.1724425987303,0.0,0.0,25.95734100003799,26.102029194401474
7140.0,383.186726604427,0.0,0.0,25.95783102612876,26.10296806394017
7160.0,383.2010265954,0.0,0.0,25.958320090838907,26.103906142937376
7180.0,383.21534249067224,0.0,0.0,25.95880819678528,26.104843433364707
7200.0,383.22967420964727,0.0,0.0,25.959295346577605,26.105779937186615
7220.0,383.24402167213003,0.0,0.0,25.959781542818494,26.10671565636043
7240.0,383.25838479814274,0.0,0.0,25.96026678810349,26.107650592836368
7260.0,383.2727635078918,0.0,0.0,25.960751085021062,26.108584748557575
7280.0,383.287157722178,0.0,0.0,25.96123443615265,26.109518125460145
7300.0,383.30156736176815,0.0,0.0,25.96171684407265,26.110450725473147
7320.0,383.3159923480353,0.0,0.0,25.962198311348466,26.111382550518655
7340.0,383.3304326025186,0.0,0.0,25.9626788405405,26.11231360251178
7360.0,383.34488804692126,0.0,0.0,25.963158434202203,26.11324388336068
7380.0,383.35935860356904,0.0,0.0,25.96363709488006,26.114173394966606
7400.0,383.37384419476035,0.0,0.0,25.964114825113633,26.11510213922391
7420.0,383.38834474322437,0.0,0.0,25.96459162743557,26.116030118020092
7440.0,383.40286017208564,0.0,0.0,25.965067504371625,26.11695733323581
7460.0,383.4173904046718,0.0,0.0,25.96554245844067,26.117883786744912
7480.0,383.4319353644983,0.0,0.0,25.966016492154733,26.118809480414463
7500.0,383.4464949755206,0.0,0.0,25.966489608018986,26.119734416104766
7520.0,383.4610691618908,0.0,0.0,25.966961808531796,26.120658595669397
7540.0,383.47565784825105,0.0,0.0,25.967433096184724,26.12158202095522
7560.0,383.49026095916685,0.0,0.0,25.96790347346255,26.122504693802423
7580.0,383.5048784199217,0.0,0.0,25.968372942843278,26.123426616044533
7600.0,383.51951015564697,0.0,0.0,25.968841506798178,26.124347789508455
7620.0,383.5341560921475,0.0,0.0,25.96930916779178,26.125268216014483
7640.0,383.5488161553497,0.0,0.0,25.96977592828192,26.126187897376333
7660.0,383.56349027337785,0.0,0.0,25.97024179071972,26.127106835401175
7680.0,383.5781783666608,0.0,0.0,25.970706757549642,26.12802503188964
7700.0,383.5928803680886,0.0,0.0,25.97117083120949,26.128942488635847
7720.0,383.60759620267044,0.0,0.0,25.971634014130423,26.129859207427458
7740.0,383.6223257976716,0.0,0.0,25.972096308736987,26.130775190045668
7760.0,383.6370690808869,0.0,0.0,25.972557717447117,26.13169043826525
7780.0,383.6518259800115,0.0,0.0,25.97301824267218,26.132604953854564
7800.0,383.66659642327096,0.0,0.0,25.973477886816948,26.133518738575596
7820.0,383.6813803390293,0.0,0.0,25.973936652279676,26.13443179418397
7840.0,383.69617765612975,0.0,0.0,25.974394541452057,26.135344122428986
7860.0,383.7109883035575,0.0,0.0,25.974851556719287,26.136255725053633
7880.0,383.725812210361,0.0,0.0,25.975307700460064,26.13716660379462
7900.0,383.74064930626986,0.0,0.0,25.975762975046603,26.138076760382386
7920.0,383.7554995210821,0.0,0.0,25.976217382844656,26.138986196541154
7940.0,383.7703627846452,0.0,0.0,25.976670926213533,26.13989491398892
7960.0,383.7852390275818,0.0,0.0,25.977123607506126,26.140802914437497
7980.0,383.80012818027006,0.0,0.0,25.977575429068896,26.141710199592538
8000.0,383.81503017364696,0.0,0.0,25.978026393241947,26.142616771153556
8020.0,383.82994493876714,0.0,0.0,25.97847650235897,26.14352263081394
8040.0,383.84487240725247,0.0,0.0,25.978925758747316,26.144427780260997
8060.0,383.85981251052687,0.0,0.0,25.97937416472799,26.145332221175956
8080.0,383.8747651805868,0.0,0.0,25.979821722615682,26.146235955234
8100.0,383.8897303496111,0.0,0.0,25.980268434718766,26.147138984104295
8120.0,383.90470795004006,0.0,0.0,25.98071430333933,26.14804130945
8140.0,383.91969791448435,0.0,0.0,25.981159330773195,26.1489429329283
8160.0,383.93470017615334,0.0,0.0,25.98160351930992,26.149843856190422
8180.0,383.9497146680081,0.0,0.0,25.98204687123283,26.150744080881665
8200.0,383.96474132351284,0.0,0.0,25.98248938881902,26.15164360864142
8220.0,383.97978007665745,0.0,0.0,25.982931074339383,26.152542441103193
8240.0,383.99483086106574,0.0,0.0,25.98337193005864,26.153440579894617
8260.0,384.0098936113247,0.0,0.0,25.983811958235318,26.154338026637493
8280.0,384.0249682616521,0.0,0.0,25.984251161121797,26.1552347829478
8300.0,384.04005474677524,0.0,0.0,25.984689540964318,26.15613085043572
8320.0,384.0551530018681,0.0,0.0,25.985127100003,26.15702623070566
8340.0,384.0702629620748,0.0,0.0,25.98556384047187,26.15792092535628
8360.0,384.08538456297583,0.0,0.0,25.985999764598837,26.158814935980498
8380.0,384.1005177400069,0.0,0.0,25.986434874605767,26.159708264165534
8400.0,384.11566242943996,0.0,0.0,25.98686917270845,26.160600911492917
8420.0,384.1308185674035,0.0,0.0,25.98730266111665,26.161492879538514
8440.0,384.1459860904675,0.0,0.0,25.987735342034096,26.162384169872542
8460.0,384.16116493503176,0.0,0.0,25.98816721765852,26.163274784059606
8480.0,384.176355038366,0.0,0.0,25.98859829018166,26.164164723658704
8500.0,384.19155633767474,0.0,0.0,25.989028561789286,26.16505399022326
8520.0,384.2067687701706,0.0,0.0,25.98945803466119,26.16594258530114
8540.0,384.22199227365047,0.0,0.0,25.98988671097124,26.166830510434664
8560.0,384.23722678591383,0.0,0.0,25.990314592887373,26.167717767160653
8580.0,384.2524722454603,0.0,0.0,25.9907416825716,26.168604357010423
8600.0,384.2677285902238,0.0,0.0,25.99116798218007,26.169490281509823
8620.0,384.28299575930174,0.0,0.0,25.991593493863018,26.170375542179247
8640.0,384.29827369121256,0.0,0.0,25.992018219764837,26.171260140533658
8660.0,384.31356232504913,0.0,0.0,25.992442162024087,26.172144078082614
8680.0,384.3288616005199,0.0,0.0,25.992865322773472,26.173027356330277
8700.0,384.3441714566936,0.0,0.0,25.99328770413988,26.17390997677544
8720.0,384.35949183374663,0.0,0.0,25.993709308244405,26.174791940911554
8740.0,384.37482267172084,0.0,0.0,25.99413013720238,26.175673250226737
8760.0,384.39016391048875,0.0,0.0,25.994550193123334,26.1765539062038
8780.0,384.4055154909318,0.0,0.0,25.99496947811106,26.177433910320268
8800.0,384.4208773537762,0.0,0.0,25.995387994263627,26.178313264048402
8820.0,384.43624943970747,0.0,0.0,25.995805743673355,26.17919196885521
8840.0,384.45163168989797,0.0,0.0,25.996222728426872,26.180070026202475
8860.0,384.46702404602115,0.0,0.0,25.996638950605114,26.180947437546777
8880.0,384.4824264497157,0.0,0.0,25.997054412283358,26.181824204339506
8900.0,384.49783884255197,0.0,0.0,25.997469115531185,26.182700328026886
8920.0,384.51326116674886,0.0,0.0,25.997883062412566,26.183575810049994
8940.0,384.5286933646067,0.0,0.0,25.998296254985835,26.184450651844777
8960.0,384.5441353786451,0.0,0.0,25.998708695303677,26.185324854842072
8980.0,384.5595871516088,0.0,0.0,25.999120385413228,26.186198420467637
9000.0,384.57504862646346,0.0,0.0,25.999531327356006,26.187071350142148
9020.0,384.59051974623816,0.0,0.0,25.999941523167983,26.187943645281244
9040.0,384.606000454643,0.0,0.0,26.00035097487957,26.188815307295528
9060.0,384.6214906953066,0.0,0.0,26.000759684515618,26.18968633759059
9080.0,384.63699041174743,0.0,0.0,26.001167654095493,26.190556737567032
9100.0,384.6524995481792,0.0,0.0,26.001574885633012,26.19142650862048
9120.0,384.6680180487023,0.0,0.0,26.001981381136538,26.19229565214161
9140.0,384.68354585830235,0.0,0.0,26.002387142608924,26.193164169516155
9160.0,384.69908292117873,0.0,0.0,26.00279217204757,26.194032062124943
9180.0,384.714629182415,0.0,0.0,26.00319647144442,26.194899331343898
9200.0,384.7301845869486,0.0,0.0,26.003600042785994,26.195765978544063
9220.0,384.7457490806456,0.0,0.0,26.004002888053382,26.196632005091626
9240.0,384.7613226083539,0.0,0.0,26.00440500922226,26.197497412347932
9260.0,384.7769051165331,0.0,0.0,26.004806408262965,26.198362201669507
9280.0,384.7924965504343,0.0,0.0,26.00520708714039,26.199226374408067
9300.0,384.80809685695704,0.0,0.0,26.00560704781411,26.200089931910544
9320.0,384.8237059819332,0.0,0.0,26.006006292238308,26.2009528755191
9340.0,384.8393238719472,0.0,0.0,26.006404822361894,26.20181520657115
9360.0,384.854950474169,0.0,0.0,26.00680264012842,26.20267692639938
9380.0,384.87058573541145,0.0,0.0,26.00719974747614,26.203538036331757
9400.0,384.88622960307487,0.0,0.0,26.007596146338038,26.20439853769156
9420.0,384.90188202397803,0.0,0.0,26.0079918386418,26.205258431797382
9440.0,384.91754294652424,0.0,0.0,26.008386826309856,26.206117719963167
9460.0,384.9332123179295,0.0,0.0,26.008781111259392,26.206976403498206
9480.0,384.94889008640473,0.0,0.0,26.009174695402375,26.207834483707174
9500.0,384.9645761999617,0.0,0.0,26.009567580645527,26.208691961890132
9520.0,384.98027060743004,0.0,0.0,26.00995976889037,26.20954883934256
9540.0,384.9959732572163,0.0,0.0,26.010351262033243,26.210405117355364
9560.0,385.01168409813647,0.0,0.0,26.01074206196532,26.211260797214898
9580.0,385.0274030794221,0.0,0.0,26.01113217057261,26.212115880202976
9600.0,385.0431301496179,0.0,0.0,26.01152158973595,26.212970367596895
9620.0,385.0588652590186,0.0,0.0,26.01191032133107,26.213824260669455
9640.0,385.0746083563254,0.0,0.0,26.01229836722856,26.21467756068896
9660.0,385.09035939201016,0.0,0.0,26.012685729293924,26.215530268919252
9680.0,385.1061183158391,0.0,0.0,26.013072409387558,26.21638238661973
9700.0,385.1218850782273,0.0,0.0,26.013458409364784,26.21723391504535
9720.0,385.13765962884304,0.0,0.0,26.013843731075838,26.21808485544666
9740.0,385.15344191920485,0.0,0.0,26.01422837636597,26.2189352090698
9760.0,385.1692318993539,0.0,0.0,26.014612347075293,26.219784977156532
9780.0,385.1850295204776,0.0,0.0,26.01499564503898,26.22063416094425
9800.0,385.2008347337154,0.0,0.0,26.015378272087155,26.221482761665996
9820.0,385.21664749014093,0.0,0.0,26.015760230044954,26.222330780550486
9840.0,385.23246774177574,0.0,0.0,26.016141520732543,26.223178218822117
9860.0,385.24829544007235,0.0,0.0,26.016522145965087,26.224025077700983
9880.0,385.26413053692465,0.0,0.0,26.016902107552845,26.224871358402904
9900.0,385.2799729846709,0.0,0.0,26.017281407301063,26.22571706213942
9920.0,385.2958227350459,0.0,0.0,26.017660047010096,26.22656219011783
9940.0,385.31167974049464,0.0,0.0,26.018038028475377,26.22740674354119
9960.0,385.3275439544583,0.0,0.0,26.018415353487466,26.228250723608355
9980.0,385.3434153289396,0.0,0.0,26.018792023831956,26.22909413151395
10000.0,385.3592938169278,0.0,0.0,26.019168041289653,26.22993696844844
10020.0,385.37517937770616,0.0,0.0,26.019543407636466,26.230779235598153
10040.0,385.391072384939,0.0,0.0,26.01991812464358,26.231620934149294
10060.0,385.4069717193603,0.0,0.0,26.020292194077545,26.23246206528817
10080.0,385.4228781205628,0.0,0.0,26.020665617699017,26.233302630169288
10100.0,385.4387914406638,0.0,0.0,26.021038397264697,26.23414262996638
10120.0,385.45471161123294,0.0,0.0,26.02141053452646,26.234982065846435
10140.0,385.4706385793777,0.0,0.0,26.021782031231307,26.23582093897163
10160.0,385.48657229626394,0.0,0.0,26.02215288912149,26.236659250499827
10180.0,385.5025127148424,0.0,0.0,26.022523109934482,26.237497001584707
10200.0,385.5184597889088,0.0,0.0,26.022892695402987,26.238334193375856
10220.0,385.5344134733252,0.0,0.0,26.023261647255044,26.239170827018814
10240.0,385.5503737218797,0.0,0.0,26.02362996721389,26.240006903655086
10260.0,385.566340490543,0.0,0.0,26.023997656998084,26.240842424422187
10280.0,385.58231373435063,0.0,0.0,26.024364718321536,26.241677390453653
10300.0,385.5982934091895,0.0,0.0,26.02473115289339,26.24251180287905
10320.0,385.61427947013175,0.0,0.0,26.02509696241816,26.243345662824012
10340.0,385.6302718731144,0.0,0.0,26.025462148595718,26.24417897141024
10360.0,385.64627057492396,0.0,0.0,26.02582671312129,26.24501172975552
10380.0,385.66227553189566,0.0,0.0,26.02619065768544,26.24584393897376
10400.0,385.6782866994666,0.0,0.0,26.02655398397414,26.246675600174964
10420.0,385.6943040356777,0.0,0.0,26.026916693668745,26.247506714465295
10440.0,385.7103274963332,0.0,0.0,26.02727878844601,26.248337282947045
10460.0,385.7263570387651,0.0,0.0,26.02764026997813,26.249167306718686
10480.0,385.74239261979983,0.0,0.0,26.028001139932737,26.249996786874867
10500.0,385.75843419749816,0.0,0.0,26.02836139997284,26.25082572450642
10520.0,385.77448172901717,0.0,0.0,26.02872105175697,26.251654120700405
10540.0,385.7905351723987,0.0,0.0,26.029080096939122,26.252481976540093
10560.0,385.8065944847481,0.0,0.0,26.029438537168755,26.253309293105
10580.0,385.82265962406,0.0,0.0,26.02979637409082,26.254136071470896
10600.0,385.8387305496587,0.0,0.0,26.030153609345753,26.254962312709804
10620.0,385.85480721871926,0.0,0.0,26.03051024456954,26.25578801789004
10640.0,385.87088958974493,0.0,0.0,26.030866281393678,26.256613188076216
10660.0,385.8869776221745,0.0,0.0,26.03122172144522,26.257437824329248
10680.0,385.9030712748462,0.0,0.0,26.03157656634679,26.258261927706386
10700.0,385.9191705059412,0.0,0.0,26.031930817716507,26.259085499261204
10720.0,385.9352752749997,0.0,0.0,26.03228447716812,26.259908540043636
10740.0,385.9513855413236,0.0,0.0,26.032637546310976,26.26073105109998
10760.0,385.9675012643778,0.0,0.0,26.032990026750007,26.261553033472918
10780.0,385.9836224037844,0.0,0.0,26.033341920085746,26.26237448820152
10800.0,385.9997489193144,0.0,0.0,26.033693227914394,26.263195416321263
10820.0,386.0158807709106,0.0,0.0,26.03404395182766,26.264015818864035
10840.0,386.0320179186602,0.0,0.0,26.034394093413095,26.264835696858185
10860.0,386.04816032281263,0.0,0.0,26.034743654253784,26.265655051328487
10880.0,386.0643079437661,0.0,0.0,26.03509263592854,26.26647388329619
10900.0,386.0804607416293,0.0,0.0,26.03544104001178,26.267292193779003
10920.0,386.0966186780138,0.0,0.0,26.035788868073727,26.268109983791142
10940.0,386.1127817133348,0.0,0.0,26.03613612168021,26.268927254343307
10960.0,386.12894980907737,0.0,0.0,26.036482802392854,26.269744006442725
10980.0,386.14512292547977,0.0,0.0,26.036828911768986,26.270560241093154
11000.0,386.1613010238526,0.0,0.0,26.037174451361633,26.27137595929488
11020.0,386.17748406661605,0.0,0.0,26.037519422719708,26.272191162044763
11040.0,386.1936720154069,0.0,0.0,26.03786382738774,26.27300585033621
11060.0,386.20986483054077,0.0,0.0,26.03820766690605,26.273820025159225
11080.0,386.22606247540125,0.0,0.0,26.03855094281087,26.274633687500398
11100.0,386.24226491156975,0.0,0.0,26.038893656634116,26.275446838342926
11120.0,386.25847210177653,0.0,0.0,26.039235809903566,26.276259478666635
11140.0,386.27468400686746,0.0,0.0,26.039577404142772,26.277071609447972
11160.0,386.2909005908795,0.0,0.0,26.03991844087115,26.277883231660038
11180.0,386.3071218164881,0.0,0.0,26.040258921603996,26.278694346272584
11200.0,386.32334764493993,0.0,0.0,26.040598847852472,26.27950495425205
11220.0,386.33957804075,0.0,0.0,26.04093822112349,26.280315056561538
11240.0,386.35581296703117,0.0,0.0,26.041277042919976,26.281124654160863
11260.0,386.3720523859632,0.0,0.0,26.04161531474063,26.281933748006537
11280.0,386.38829626146264,0.0,0.0,26.04195303808018,26.282742339051808
11300.0,386.4045445383846,0.0,0.0,26.042290214429148,26.283550428245803
11320.0,386.42079721784194,0.0,0.0,26.042626845274015,26.28435801653592
11340.0,386.4370542448885,0.0,0.0,26.042962932097293,26.285165104865808
11360.0,386.4533155829097,0.0,0.0,26.04329847637725,26.285971694175707
11380.0,386.4695811977106,0.0,0.0,26.043633479588262,26.286777785402663
11400.0,386.4858510512454,0.0,0.0,26.043967943200688,26.287583379480512
11420.0,386.50212510961734,0.0,0.0,26.044301868680765,26.28838847733988
11440.0,386.51840333677103,0.0,0.0,26.044635257490775,26.289193079908227
11460.0,386.5346856979623,0.0,0.0,26.044968111088924,26.289997188109847
11480.0,386.550972156205,0.0,0.0,26.045300430929608,26.29080080286588
11500.0,386.5672626782186,0.0,0.0,26.045632218463037,26.291603925094307
11520.0,386.5835572290963,0.0,0.0,26.045963475135572,26.29240655570999
11540.0,386.599855772828,0.0,0.0,26.04629420238958,26.29320869562467
11560.0,386.6161582753705,0.0,0.0,26.046624401663475,26.294010345746972
11580.0,386.6324647022073,0.0,0.0,26.04695407439183,26.29481150698245
11600.0,386.64877501895955,0.0,0.0,26.047283222005134,26.295612180233537
11620.0,386.66508919073516,0.0,0.0,26.04761184593013,26.296412366399625
11640.0,386.68140718535466,0.0,0.0,26.04793994758951,26.29721206637702
11660.0,386.6977289662594,0.0,0.0,26.048267528402203,26.298011281058997
11680.0,386.7140545022099,0.0,0.0,26.04859458978314,26.29881001133579
11700.0,386.7303837588534,0.0,0.0,26.048921133143462,26.299608258094608
11720.0,386.7467166986414,0.0,0.0,26.049247159890378,26.30040602221963
11740.0,386.76305329342097,0.0,0.0,26.04957267142734,26.301203304592043
11760.0,386.77939350857594,0.0,0.0,26.04989766915386,26.302000106090052
11780.0,386.79573730956787,0.0,0.0,26.050222154465725,26.302796427588877
11800.0,386.81208466331896,0.0,0.0,26.05054612875479,26.303592269960756
11820.0,386.8284355383012,0.0,0.0,26.050869593409264,26.30438763407499
11840.0,386.8447899017393,0.0,0.0,26.051192549813333,26.305182520797906
11860.0,386.8611477195595,0.0,0.0,26.051514999347496,26.305976930992912
11880.0,386.8775089599302,0.0,0.0,26.051836943388626,26.306770865520512
11900.0,386.8938735897162,0.0,0.0,26.052158383309614,26.30756432523826
11920.0,386.91024157791634,0.0,0.0,26.05247932047969,26.30835731100083
11940.0,386.9266128921879,0.0,0.0,26.05279975626432,26.309149823659997
11960.0,386.942987499976,0.0,0.0,26.053119692025202,26.309941864064662
11980.0,386.95936536956236,0.0,0.0,26.053439129120452,26.31073343306086
12000.0,386.97574646917315,0.0,0.0,26.053758068904255,26.311524531491756
12020.0,386.99213076716336,0.0,0.0,26.054076512727235,26.312315160197677
12040.0,387.00851823278884,0.0,0.0,26.05439446193631,26.31310532001612
12060.0,387.0249088323236,0.0,0.0,26.054711917874595,26.31389501178173
12080.0,387.04130253761343,0.0,0.0,26.05502888188172,26.314684236326375
12100.0,387.0576993143651,0.0,0.0,26.05534535529348,26.31547299447909
12120.0,387.07409913392235,0.0,0.0,26.05566133944203,26.31626128706612
12140.0,387.09050196540215,0.0,0.0,26.05597683565608,26.31704911491095
12160.0,387.10690777559233,0.0,0.0,26.056291845260418,26.317836478834266
12180.0,387.12331653708713,0.0,0.0,26.056606369576414,26.318623379654003
12200.0,387.13972821606853,0.0,0.0,26.056920409921673,26.319409818185346
12220.0,387.15614278543046,0.0,0.0,26.057233967610262,26.32019579524073
12240.0,387.1725602115332,0.0,0.0,26.05754704395275,26.320981311629883
12260.0,387.188980467573,0.0,0.0,26.057859640255963,26.321766368159786
12280.0,387.20540352009243,0.0,0.0,26.05817175782321,26.32255096563473
12300.0,387.2218293417085,0.0,0.0,26.058483397954177,26.323335104856277
12320.0,387.2382579017557,0.0,0.0,26.058794561945103,26.324118786623345
12340.0,387.2546891714131,0.0,0.0,26.059105251088663,26.324902011732146
12360.0,387.27112311844536,0.0,0.0,26.05941546667385,26.32568478097621
12380.0,387.2875597169362,0.0,0.0,26.05972520998638,26.32646709514646
12400.0,387.30399893485964,0.0,0.0,26.06003448230819,26.327248955031113
12420.0,387.3204407438779,0.0,0.0,26.060343284917842,26.328030361415777
12440.0,387.3368851139493,0.0,0.0,26.06065161909035,26.32881131508342
12460.0,387.35333201883884,0.0,0.0,26.060959486097307,26.329591816814403
12480.0,387.3697814258214,0.0,0.0,26.06126688720671,26.33037186738647
12500.0,387.38623331025985,0.0,0.0,26.061573823683215,26.331151467574777
12520.0,387.4026876402871,0.0,0.0,26.061880296787912,26.331930618151873
12540.0,387.4191443874652,0.0,0.0,26.06218630777852,26.332709319887744
12560.0,387.4356035252764,0.0,0.0,26.062491857909208,26.333487573549792
12580.0,387.4520650254322,0.0,0.0,26.06279694843086,26.33426537990289
12600.0,387.4685288577773,0.0,0.0,26.063101580590814,26.335042739709344
12620.0,387.48499499518806,0.0,0.0,26.063405755633134,26.335819653728926
12640.0,387.501463410674,0.0,0.0,26.063709474798202,26.336596122718845
12660.0,387.51793407239194,0.0,0.0,26.064012739323143,26.337372147433793
12680.0,387.5344069585703,0.0,0.0,26.06431555044186,26.33814772862601
12700.0,387.5508820375507,0.0,0.0,26.06461790938475,26.338922867045195
12720.0,387.567359281764,0.0,0.0,26.064919817378666,26.33969756343853
12740.0,387.5838386658474,0.0,0.0,26.06522127564745,26.34047181855075
12760.0,387.60032016344104,0.0,0.0,26.065522285411298,26.341245633124114
12780.0,387.6168037404387,0.0,0.0,26.06582284788732,26.34201900789843
12800.0,387.63328937848826,0.0,0.0,26.06612296428898,26.342791943611
12820.0,387.6497770458278,0.0,0.0,26.066422635826637,26.34356444099673
12840.0,387.66626671757956,0.0,0.0,26.066721863707386,26.3443365007881
12860.0,387.6827583637064,0.0,0.0,26.067020649134868,26.345108123715114
12880.0,387.6992519607988,0.0,0.0,26.067318993309396,26.34587931050536
12900.0,387.71574748119883,0.0,0.0,26.067616897428103,26.34665006188406
12920.0,387.73224489844927,0.0,0.0,26.067914362684864,26.34742037857401
12940.0,387.74874418732657,0.0,0.0,26.068211390270132,26.348190261295613
12960.0,387.7652453193307,0.0,0.0,26.068507981371308,26.348959710766927
12980.0,387.78174826828763,0.0,0.0,26.068804137172513,26.34972872770361
13000.0,387.7982530104468,0.0,0.0,26.069099858854365,26.350497312818938
13020.0,387.81475951873193,0.0,0.0,26.06939514759456,26.351265466823893
13040.0,387.831267769303,0.0,0.0,26.069690004567327,26.35203319042703
13060.0,387.8477777324497,0.0,0.0,26.06998443094386,26.352800484334637
13080.0,387.8642893825484,0.0,0.0,26.07027842789205,26.35356734925063
13100.0,387.8808026992554,0.0,0.0,26.070571996576675,26.354333785876648
13120.0,387.8973176515559,0.0,0.0,26.070865138159235,26.355099794911997
13140.0,387.91383421896364,0.0,0.0,26.07115785379802,26.355865377053664
13160.0,387.93035237137383,0.0,0.0,26.071450144648168,26.35663053299636
13180.0,387.9468720873556,0.0,0.0,26.07174201186174,26.357395263432522
13200.0,387.96339333992677,0.0,0.0,26.072033456587555,26.358159569052294
13220.0,387.97991610638024,0.0,0.0,26.072324479971375,26.35892345054361
13240.0,387.9964403609656,0.0,0.0,26.07261508315576,26.359686908592078
13260.0,388.01296607787395,0.0,0.0,26.072905267280206,26.360449943881104
13280.0,388.0294932296362,0.0,0.0,26.073195033480783,26.361212557091765
13300.0,388.0460217985282,0.0,0.0,26.073484382890896,26.361974748903027
13320.0,388.06255175536546,0.0,0.0,26.073773316640636,26.362736519991568
13340.0,388.0790830798795,0.0,0.0,26.074061835856885,26.363497871031846
13360.0,388.09561574384355,0.0,0.0,26.074349941663606,26.364258802696135
13380.0,388.11214972114345,0.0,0.0,26.074637635181627,26.365019315654507
13400.0,388.1286849963411,0.0,0.0,26.07492491752877,26.36577941057484
13420.0,388.1452215355945,0.0,0.0,26.0752117898196,26.36653908812282
13440.0,388.16175932106876,0.0,0.0,26.075498253165765,26.367298348961956
13460.0,388.17829832888447,0.0,0.0,26.07578430867601,26.368057193753636
13480.0,388.19483853553584,0.0,0.0,26.076069957455797,26.36881562315705
13500.0,388.2113799135201,0.0,0.0,26.076355200607654,26.369573637829248
13520.0,388.2279224411427,0.0,0.0,26.07664003923096,26.370331238425113
13540.0,388.2444660986838,0.0,0.0,26.076924474422427,26.371088425597456
13560.0,388.26101085720245,0.0,0.0,26.077208507275383,26.37184519999691
13580.0,388.27755669979086,0.0,0.0,26.07749213888045,26.372601562272045
13600.0,388.2941035956317,0.0,0.0,26.077775370325064,26.373357513069244
13620.0,388.3106515287283,0.0,0.0,26.078058202693647,26.37411305303284
13640.0,388.3272004746521,0.0,0.0,26.078340637068017,26.374868182805116
13660.0,388.34375040601077,0.0,0.0,26.07862267452642,26.375622903026166
13680.0,388.36030130553826,0.0,0.0,26.078904316144726,26.376377214334077
13700.0,388.3768531506202,0.0,0.0,26.079185562995512,26.377131117364872
13720.0,388.393405914746,0.0,0.0,26.07946641614866,26.377884612752514
13740.0,388.4099595774726,0.0,0.0,26.079746876670903,26.37863770112886
13760.0,388.4265141149061,0.0,0.0,26.080026945626027,26.37939038312375
13780.0,388.4430695078773,0.0,0.0,26.080306624075106,26.380142659365
13800.0,388.4596257342488,0.0,0.0,26.080585913076167,26.380894530478386
13820.0,388.4761827672456,0.0,0.0,26.080864813684336,26.381645997087663
13840.0,388.4927405911738,0.0,0.0,26.08114332695188,26.382397059814565
13860.0,388.50929917940323,0.0,0.0,26.081421453928186,26.383147719278828
13880.0,388.52585851207823,0.0,0.0,26.08169919565987,26.383897976098208
13900.0,388.5424185647256,0.0,0.0,26.081976553190383,26.384647830888397
13920.0,388.55897932171706,0.0,0.0,26.08225352756073,26.38539728426321
13940.0,388.5755407566005,0.0,0.0,26.082530119808837,26.386146336834425
13960.0,388.59210284685486,0.0,0.0,26.082806330969447,26.386894989211783
13980.0,388.60866557712245,0.0,0.0,26.08308216207518,26.387643242003215
14000.0,388.62522892290315,0.0,0.0,26.08335761415522,26.388391095814562
14020.0,388.6417928563447,0.0,0.0,26.08363268823631,26.3891385512498
14040.0,388.65835736664445,0.0,0.0,26.083907385342112,26.3898856089109
14060.0,388.67492242895014,0.0,0.0,26.084181706493716,26.390632269398
14080.0,388.6914880217663,0.0,0.0,26.084455652709174,26.3913785333092
14100.0,388.70805412627044,0.0,0.0,26.084729225003862,26.392124401240732
14120.0,388.7246207164501,0.0,0.0,26.08500242439042,26.392869873786935
14140.0,388.74118777686334,0.0,0.0,26.085275251878667,26.39361495154022
14160.0,388.75775528516357,0.0,0.0,26.08554770847553,26.394359635091085
14180.0,388.77432322083155,0.0,0.0,26.085819795185625,26.395103925028227
14200.0,388.79089156542653,0.0,0.0,26.086091513010327,26.395847821938382
14220.0,388.80746029244716,0.0,0.0,26.08636286294826,26.396591326406377
14240.0,388.82402938812584,0.0,0.0,26.086633845995514,26.39733443901522
14260.0,388.8405988316113,0.0,0.0,26.086904463145537,26.398077160346098
14280.0,388.85716859929295,0.0,0.0,26.087174715389015,26.398819490978337
14300.0,388.8737386729848,0.0,0.0,26.087444603713568,26.399561431489314
14320.0,388.89030903274926,0.0,0.0,26.087714129104583,26.40030298245468
14340.0,388.90687965673294,0.0,0.0,26.087983292544276,26.40104414444816
14360.0,388.92345053114707,0.0,0.0,26.088252095012635,26.401784918041756
14380.0,388.94002162838956,0.0,0.0,26.08852053748679,26.402525303805557
14400.0,388.95659293457504,0.0,0.0,26.08878862094116,26.40326530230794
14420.0,388.9731644304819,0.0,0.0,26.089056346347174,26.40400491411537
14440.0,388.9897360925001,0.0,0.0,26.08932371467435,26.40474413979266
14460.0,389.00630790131214,0.0,0.0,26.089590726888783,26.40548297990258
14480.0,389.02287984354354,0.0,0.0,26.089857383954204,26.406221435006337
14500.0,389.03945189403794,0.0,0.0,26.090123686832,26.406959505663327
14520.0,389.0560240356633,0.0,0.0,26.090389636480616,26.407697192431126
14540.0,389.0725962486182,0.0,0.0,26.090655233855774,26.40843449586554
14560.0,389.0891685160724,0.0,0.0,26.09092047991066,26.40917141652062
14580.0,389.10574081481593,0.0,0.0,26.09118537559604,26.4099079549487
14600.0,389.1223131331495,0.0,0.0,26.091449921859883,26.410644111700364
14620.0,389.1388854459763,0.0,0.0,26.09171411964751,26.411379887324415
14640.0,389.15545773673284,0.0,0.0,26.091977969901976,26.412115282367992
14660.0,389.1720299869067,0.0,0.0,26.092241473563334,26.41285029737648
14680.0,389.1886021777953,0.0,0.0,26.092504631569184,26.413584932893464
14700.0,389.20517429104285,0.0,0.0,26.092767444854715,26.414319189460937
14720.0,389.22174630812515,0.0,0.0,26.09302991435269,26.415053067619183
14740.0,389.2383182090631,0.0,0.0,26.093292040992537,26.415786567906643
14760.0,389.25488997967227,0.0,0.0,26.09355382570196,26.416519690860227
14780.0,389.2714615994526,0.0,0.0,26.093815269405926,26.417252437015094
14800.0,389.28803305228524,0.0,0.0,26.09407637302677,26.41798480690474
14820.0,389.30460431684645,0.0,0.0,26.094337137484093,26.418716801060963
14840.0,389.3211753764552,0.0,0.0,26.094597563695324,26.419448420013897
14860.0,389.3377462114089,0.0,0.0,26.09485765257502,26.42017966429198
14880.0,389.3543168106713,0.0,0.0,26.095117405035694,26.420910534422106
14900.0,389.3708871497125,0.0,0.0,26.095376821986992,26.42164103092943
14920.0,389.3874572109935,0.0,0.0,26.095635904336227,26.422371154337508
14940.0,389.4040269813346,0.0,0.0,26.09589465298805,26.423100905168184
14960.0,389.42059644341214,0.0,0.0,26.0961530688447,26.42383028394172
14980.0,389.43716557504905,0.0,0.0,26.0964111528063,26.424559291176838
15000.0,389.4537343590737,0.0,0.0,26.096668905769768,26.42528792739047
15020.0,389.4703027852544,0.0,0.0,26.096926328630467,26.426016193098146
15040.0,389.48687082938216,0.0,0.0,26.097183422280548,26.426744088813617
15060.0,389.50343847392355,0.0,0.0,26.097440187609823,26.427471615049043
15080.0,389.52000570717286,0.0,0.0,26.097696625506046,26.42819877231508
15100.0,389.5365725093419,0.0,0.0,26.09795273685426,26.428925561120764
15120.0,389.55313886365104,0.0,0.0,26.09820852253703,26.42965198197352
15140.0,389.5697047557482,0.0,0.0,26.098463983434872,26.430378035379267
15160.0,389.5862701637898,0.0,0.0,26.098719120425464,26.431103721842298
15180.0,389.6028350714306,0.0,0.0,26.098973934384002,26.43182904186528
15200.0,389.61939946916124,0.0,0.0,26.099228426183846,26.43255399594946
15220.0,389.6359633329015,0.0,0.0,26.099482596695513,26.43327858459447
15240.0,389.6525266489269,0.0,0.0,26.099736446787468,26.434002808298402
15260.0,389.66908939825703,0.0,0.0,26.09998997732517,26.43472666755774
15280.0,389.68565157138465,0.0,0.0,26.100243189172385,26.435450162867536
15300.0,389.70221314360873,0.0,0.0,26.100496083189878,26.436173294721197
15320.0,389.71877410717366,0.0,0.0,26.100748660236572,26.436896063610757
15340.0,389.7353344391531,0.0,0.0,26.101000921169156,26.437618470026656
15360.0,389.75189412762074,0.0,0.0,26.10125286684152,26.438340514457817
15380.0,389.7684531505595,0.0,0.0,26.101504498105133,26.439062197391625
15400.0,389.78501149846363,0.0,0.0,26.101755815809682,26.439783519314048
15420.0,389.80156915300586,0.0,0.0,26.10200682080166,26.44050448070944
15440.0,389.8181260957967,0.0,0.0,26.10225751392637,26.441225082060807
15460.0,389.83468231924195,0.0,0.0,26.10250789602584,26.441945323849538
15480.0,389.85123779949834,0.0,0.0,26.1027579679404,26.442665206555702
15500.0,389.8677925216633,0.0,0.0,26.103007730507564,26.44338473065772
15520.0,389.88434647603066,0.0,0.0,26.103257184562935,26.444103896632676
15540.0,389.90089964156954,0.0,0.0,26.10350633093988,26.444822704956163
15560.0,389.9174520035756,0.0,0.0,26.10375517046891,26.44554115610222
15580.0,389.93400354646377,0.0,0.0,26.104003703978705,26.446259250543562
15600.0,389.95055426083024,0.0,0.0,26.10425193229573,26.446976988751413
15620.0,389.9671041233613,0.0,0.0,26.10449985624425,26.447694371195617
15640.0,389.98365312369015,0.0,0.0,26.10474747664582,26.44841139834449
15660.0,389.80972629966624,0.0014975259704652405,0.02995051940930481,26.104994794319985,26.44912807066493
15680.0,388.6875249400936,0.008969376915963619,0.2093380577285772,26.105240255681856,26.449820539946852
15700.0,387.5714421696089,0.008945873657058389,0.38825553086974496,26.105483093350355,26.45047707280184
15720.0,386.4614370312175,0.008922480289960472,0.5667051366689544,26.105723319448387,26.451097906957777
15740.0,385.3574688719972,0.008899196085620138,0.7446890583813571,26.105960946032496,26.45168327893323
15760.0,384.259497339938,0.00887602031998842,0.9222094647811255,26.106195985093382,26.45223342404338
15780.0,383.1674823831271,0.008852952273845832,1.0992685102580422,26.10642844855636,26.452748576405835
15800.0,382.77419721694184,0.008836613100691403,1.2760007722718703,26.10665669683325,26.453232823061864
15820.0,382.55361580663845,0.008832846452275412,1.4526577013173785,26.106877632249255,26.453693615513966
15840.0,382.33364100055076,0.008829756320713356,1.6292528277316456,26.10709112279011,26.454131423915868
15860.0,382.11426991471524,0.008826686996424794,1.8057865676601415,26.107297199806858,26.454546346447763
15880.0,381.89549956755076,0.008823638390981358,1.9822593354797686,26.10749589453428,26.454938633172524
15900.0,381.67732712359594,0.008820610417091469,2.158671543821598,26.107687238090755,26.45530841356856
15920.0,381.45974974684134,0.00881760299533274,2.335023603728253,26.107871261467217,26.45565580883651
15940.0,381.2427646229719,0.008814616046933099,2.511315924666915,26.108047995527695,26.4559809396413
15960.0,381.0263689534796,0.008811649493768692,2.6875489145422886,26.108217471009898,26.45628392611412
15980.0,380.8105599555414,0.008808703258362315,2.863722979709535,26.108379718525775,26.456564887854135
16000.0,380.59533486192186,0.00880577726388152,3.0398385249871653,26.10853476856208,26.45682394393001
16020.0,380.38069092085965,0.008802871434137516,3.2158959536699157,26.108682651480926,26.45706121288131
16040.0,380.1666253959727,0.008799985693583135,3.3918956675415783,26.108823397520332,26.45727681271971
16060.0,379.9531355661066,0.008797119967311829,3.567838066887815,26.108957036794777,26.457470860929973
16080.0,379.74021872530597,0.008794274181056095,3.743723550508937,26.109083599295744,26.457643474470732
16100.0,379.535185222709,0.008791463995526128,3.9195528304194593,26.109203153637303,26.45779515471329
16120.0,379.3759833869754,0.00878907428996396,4.095334316218739,26.109316720896675,26.457935870141615
16140.0,379.21693864149177,0.008786952821763495,4.271073372654008,26.109424964909635,26.458072050036527
16160.0,379.0580508111817,0.008784835352733245,4.446770079708673,26.10952790230854,26.458203695916552
16180.0,378.8993197215066,0.008782721888359024,4.622424517475854,26.109625549679958,26.458330809289215
16200.0,378.74074519847795,0.008780612434177692,4.798036766159408,26.10971792356482,26.458453391648643
16220.0,378.5823270686551,0.00877850699577829,4.9736069060749735,26.109805040458525,26.458571444472806
16240.0,378.42406515916474,0.008776405578802571,5.149135017651025,26.10988691681108,26.458684969220375
16260.0,378.265959297706,0.008774308188946067,5.324621181429946,26.10996356902723,26.45879396732711
16280.0,378.10800931257154,0.008772214831959512,5.5000654780691365,26.110035013466575,26.45889844020167
16300.0,377.95021503265076,0.008770125513649552,5.6754679883421275,26.11010126644371,26.4589983892207
16320.0,377.7925762874658,0.008768040239880781,5.850828793139743,26.11016234422834,26.459093815723076
16340.0,377.635092907181,0.008765959016576596,6.026147973471275,26.110218263045404,26.459184721003037
16360.0,377.47776472263564,0.008763881849721855,6.201425610465712,26.110269039075213,26.459271106301955
16380.0,377.3205915653709,0.008761808745364386,6.376661785373,26.110314688453556,26.45935297279834
16400.0,377.1635732676823,0.008759739709618141,6.551856579565363,26.110355227271832,26.459430321595555
16420.0,377.0067096626632,0.00875767474866609,6.7270100745386845,26.11039067157716,26.459503153706525
16440.0,376.85000058426436,0.008755613868764023,6.902122351913965,26.110421037372507,26.45957147003435
16460.0,376.69344586739,0.008753557076245677,7.0771934934388785,26.110446340616797,26.45963527134736
16480.0,376.5370453479967,0.008751504377528807,7.252223580989455,26.110466597225027,26.459694558246238
16500.0,376.38079886324516,0.00874945577912345,7.427212696571924,26.110481823068373,26.45974933111974
16520.0,376.22470625170723,0.008747411287643026,7.602160922324784,26.110492033974293,26.459799590083165
16540.0,376.0687673536646,0.008745370909819972,7.777068340521184,26.110497245726624,26.459845334889874
16560.0,375.9129820115481,0.008743334652528124,7.951935033571746,26.110497474065674,26.459886564798254
16580.0,375.75735007064947,0.008741302522818151,8.126761084028109,26.11049273468829,26.459923278360183
16600.0,375.60187138033854,0.008739274527973961,8.301546574587588,26.110483043247893,26.459955473058393
16620.0,375.44654579638234,0.008737250675616792,8.476291588099924,26.11046841535449,26.459983144615588
16640.0,375.2913731861284,0.008735230973917308,8.65099620757827,26.110448866574565,26.460006285444845
16660.0,375.1363534442568,0.008733215432148533,8.825660516221241,26.11042441243074,26.46002487995076
16680.0,374.9814865836122,0.008731204063213394,9.000284597485509,26.110395068400265,26.460038877430133
16700.0,374.8267723529325,0.00872919688269791,9.174868535139467,26.110360849913988,26.460048306146728
16720.0,374.672210218883,0.008727193875472494,9.349412412648917,26.11032177237053,26.46005327866932
16740.0,374.5178000184475,0.008725195040457212,9.523916313458061,26.110277851129933,26.460053797193307
16760.0,374.3635415890843,0.008723200384508,9.698380321148221,26.11022910151017,26.46004986391726
16780.0,374.2094347687411,0.00872120991453773,9.872804519438976,26.110175538787278,26.460041481042385
16800.0,374.0554793958336,0.008719223637516826,10.047188992189312,26.110117178195452,26.460028650771967
16820.0,373.90167530926743,0.008717241560473266,10.221533823398778,26.110054034927185,26.460011375310767
16840.0,373.7480223484332,0.008715263690493824,10.395839097208654,26.10998612413339,26.459989656864373
16860.0,373.5945203532038,0.008713290034723898,10.570104897903132,26.109913460923508,26.459963497638512
16880.0,373.44116916394796,0.008711320600368477,10.744331309910502,26.10983606036564,26.459932899838304
16900.0,373.2879686215193,0.008709355394692508,10.918518417804352,26.10975393748666,26.459897865667475
16920.0,373.13491856726785,0.008707394425021598,11.092666306304784,26.109667107272323,26.459858397327487
16940.0,372.9820188430416,0.008705437698742635,11.266775060279636,26.10957558466741,26.45981449701661
16960.0,372.8292692911852,0.008703485223304242,11.440844764745721,26.109479384575824,26.45976616692891
16980.0,372.67666975454983,0.008701537006217296,11.614875504870067,26.109378521860716,26.459713409253162
17000.0,372.52422007649767,0.008699593055056187,11.788867365971191,26.109273011344598,26.459656226171624
17020.0,372.3719201008898,0.008697653377458892,11.962820433520369,26.10916286780947,26.459594619858752
17040.0,372.2197696721178,0.00869571798112787,12.136734793142926,26.109048105996923,26.459528592479746
17060.0,372.0677682518945,0.008693807407913035,12.310610941301187,26.108928740605748,26.459458146186666
17080.0,371.9159139660181,0.008691993371929208,12.484450808739771,26.108804786255792,26.45938328308365
17100.0,371.76420651851123,0.008690191454294815,12.658254637825667,26.108676257495823,26.459304005231765
17120.0,371.6126457629186,0.00868839368406249,12.832022511506917,26.10854316883502,26.45922031467525
17140.0,371.4612315533144,0.008686600069632799,13.005754512899573,26.10840553474307,26.459132213439084
17160.0,371.30996374433386,0.008684810619476568,13.179450725289104,26.10826336965029,26.459039703526233
17180.0,371.1588421911494,0.00868302534213523,13.353111232131809,26.108116687947742,26.45894278691455
17200.0,371.00786674952195,0.008681244246222696,13.526736117056263,26.10796550398733,26.458841465553235
17220.0,370.85703727578533,0.008679467340426683,13.700325463864797,26.107809832081923,26.458735741358804
17240.0,370.7063536268718,0.008677694633509248,13.873879356534982,26.107649686505468,26.45862561621044
17260.0,370.55581566033334,0.008675926134309364,14.047397879221169,26.10748508149309,26.458511091944608
17280.0,370.40542323435375,0.008674161851744255,14.220881116256054,26.1073160312412,26.458392170348777
17300.0,370.2551762077851,0.008672401794811435,14.394329152152283,26.10714254990762,26.45826885315403
17320.0,370.1050744401652,0.008670645972590929,14.567742071604101,26.106964651611673,26.45814114202631
17340.0,369.95511779175877,0.008668894394247761,14.741119959489057,26.10678235043429,26.45800903855592
17360.0,369.8053061235994,0.00866714706903542,14.914462900869765,26.106595660418122,26.45787254424483
17380.0,369.65563929754296,0.00866540400629896,15.087770980995744,26.10640459556764,26.457731660491103
17400.0,369.50611717632506,0.008663665215479632,15.261044285305337,26.10620916984923,26.45758638856962
17420.0,369.35673962365007,0.008661930706120114,15.434282899427739,26.106009397191304,26.45743672960774
17440.0,369.2075065042945,0.00866020048787064,15.607486909185152,26.105805291484383,26.457282684554134
17460.0,369.05841768423846,0.008658474570497976,15.780656400595111,26.105596866581205,26.457124254138062
17480.0,368.90947303084704,0.00865675296389572,15.953791459873026,26.105384136296795,26.456961438814886
17500.0,368.7606724131247,0.008655035678098865,16.126892173435003,26.105167114408562,26.456794238691163
17520.0,368.6120157020703,0.00865332272330388,16.29995862790108,26.104945814656368,26.456622653418233
17540.0,368.46350277119956,0.008651614109896854,16.472990910099018,26.104720250742588,26.45644668203474
17560.0,368.3151334973613,0.008649909848497117,16.64598910706896,26.10449043633215,26.456266322721316
17580.0,368.1669077621064,0.008648209950026065,16.81895330606948,26.104256385052558,26.456081572391593
17600.0,368.0188254541756,0.008646514425827511,16.99188359458603,26.104018110493854,26.455892425943944
17620.0,367.8708864747456,0.008644823287901815,17.164780060344068,26.103775626208474,26.455698874688643
17640.0,367.7230907513784,0.008643136549460273,17.337642791333273,26.103528945710888,26.455500902159677
17660.0,367.5754383075207,0.00864145422683844,17.510471875870042,26.103278082476397,26.455298463255975
17680.0,367.42792920757825,0.008639776346504747,17.683267402800137,26.103023049936944,26.45509150073899
17700.0,367.28056266908595,0.00863810290112248,17.856029460822587,26.102763861495877,26.454880211764046
17720.0,367.1333384980326,0.008636433876570138,18.02875813835399,26.102500530530907,26.45466461690665
17740.0,366.986256560416,0.008634769283247046,18.20145352401893,26.102233070383623,26.454444718873738
17760.0,366.83931672270967,0.00863310913163442,18.37411570665162,26.101961494359596,26.454220520370374
17780.0,366.6925188518624,0.008631453432294656,18.546744775297512,26.101685815728498,26.45399202409915
17800.0,366.54586281531977,0.00862980219587257,18.719340819214963,26.101406047724193,26.45375923275956
17820.0,366.3993484810097,0.00862815543309683,18.8919039278769,26.10112220354485,26.453522149047313
17840.0,366.25297571734086,0.00862651315477958,19.06443419097249,26.100834296353042,26.45328077565362
17860.0,366.1067443932349,0.008624875371818242,19.236931698408856,26.100542339275858,26.453035115264413
17880.0,365.960654378092,0.00862324209519567,19.40939654031277,26.100246345405004,26.452785170559515
17900.0,365.81470554181476,0.008621613335981415,19.581828807032398,26.099946327796903,26.45253094421176
17920.0,365.6688977548136,0.00861998910533277,19.754228589139053,26.09964229947281,26.452272438886016
17940.0,365.52323088800284,0.008618369414495142,19.926595977428956,26.099334273418894,26.452009657238165
17960.0,365.37770481280626,0.008616754274803106,20.09893106292502,26.099022262586367,26.45174260191397
17980.0,365.232319401159,0.008615143697682015,20.27123393687866,26.098706279891573,26.451471275547867
18000.0,365.0870745255228,0.008613537694648166,20.443504690771622,26.098386338216088,26.451195680761625
18020.0,364.9419700588787,0.00861193627731005,20.615743416317823,26.09806245040682,26.450915820162916
18040.0,364.7970058747392,0.008610339457369953,20.787950205465222,26.097734629276133,26.45063169634372
18060.0,364.65218184715235,0.008608747246624304,20.960125150397708,26.097402887601913,26.450343311878598
18080.0,364.5074978507102,0.00860715965696528,21.132268343537014,26.097067238127696,26.450050669322767
18100.0,364.3629537605532,0.008605576700382223,21.30437987754466,26.09672769356276,26.449753771209995
18120.0,364.2185494523814,0.008603998388962353,21.476459845323905,26.09638426658222,26.449452620050234
18140.0,364.0742848024624,0.008602424734892367,21.648508340021753,26.096036969827132,26.449147218327024
18160.0,363.93015968764587,0.008600855750460035,21.820525455030953,26.0956858159046,26.448837568494547
18180.0,363.78617398535647,0.008599291448055624,21.992511283992066,26.09533081738785,26.44852367297435
18200.0,363.64232757363914,0.008597731840173317,22.164465920795532,26.09497198681636,26.448205534151622
18220.0,363.4986203311424,0.00859617693941317,22.336389459583796,26.09460933669594,26.447883154370988
18240.0,363.35505213715146,0.008594626758483059,22.508281994753457,26.094242879498815,26.44755653593169
18260.0,363.21162287160325,0.008593081310200468,22.680143620957466,26.09387262766375,26.447225681082074
18280.0,363.06833241510736,0.008591540607494608,22.851974433107358,26.093498593596127,26.44689059201321
18300.0,362.92518064896933,0.008590004663409801,23.023774526375554,26.093120789668045,26.44655127085149
18320.0,362.7821674552261,0.008588473491106719,23.19554399619769,26.092739228218417,26.446207719649927
18340.0,362.63929271667786,0.008586947103867005,23.36728293827503,26.092353921553045,26.4458599403779
18360.0,362.4965563169186,0.008585425515095757,23.538991448576944,26.091964881944737,26.44550793490893
18380.0,362.35395814040805,0.008583908738325974,23.710669623343463,26.09157212163338,26.44515170500596
18400.0,362.2114980725095,0.008582396787223879,23.88231755908794,26.09117565282603,26.44479125230341
18420.0,362.06917599957524,0.008580889675593183,24.053935352599805,26.090775487697005,26.444426578285128
18440.0,361.92699180903895,0.008579387417383266,24.22552310094747,26.090371638387957,26.444057684256773
18460.0,361.78494538952623,0.008577890026696622,24.397080901481402,26.089964117007966,26.44368457131079
18480.0,361.64303663100895,0.008576397517799173,24.568608851837386,26.089552935633613,26.443307240281126
18500.0,361.5012654250091,0.008574909905134476,24.740107049940075,26.089138106309044,26.442925691683435
18520.0,361.35963166486056,0.00857342720333989,24.911575594006873,26.088719641046044,26.44253992563417
18540.0,361.2181352460823,0.008571949427270908,25.08301458255229,26.088297551824095,26.442149941737753
18560.0,361.076776066928,0.008570476592034026,25.25442411439297,26.087871850590414,26.44175573892358
18580.0,360.9355540291969,0.008569008713034343,25.42580428865366,26.087442549259986,26.441357315199568
18600.0,360.7944690395522,0.008567545806050347,25.597155204774666,26.08700965971556,26.44095466725758
18620.0,360.6535210117611,0.008566087887356844,25.768476962521802,26.08657319380759,26.440547789790845
18640.0,360.512709871087,0.008564634973947882,25.93976966200076,26.086133163354123,26.440136674176507
18660.0,360.37203556426516,0.008563187084006251,26.111033403680885,26.085689580140457,26.439721305458235
18680.0,360.2314980912032,0.008561744238155988,26.282268288444005,26.085242455918348,26.43930165277664
18700.0,360.0910976764146,0.008560306465952294,26.45347441776305,26.08479180240267,26.438877617596976
18720.0,359.97634317175124,0.007132513936312357,26.596124696489298,26.084337631272362,26.438449291087338
18740.0,359.989190465142,0.0,26.596124696489298,26.08388331570401,26.43802029982356
18760.0,360.0020276699008,0.0,26.596124696489298,26.083430535678094,26.437592370461484
18780.0,360.01485481055676,0.0,26.596124696489298,26.08297928701441,26.437165501001306
18800.0,360.0276719116148,0.0,26.596124696489298,26.08252956554422,26.436739689446807
18820.0,360.0404789975265,0.0,26.596124696489298,26.082081367110213,26.436314933805335
18840.0,360.05327609268187,0.0,26.596124696489298,26.08163468756647,26.435891232087823
18860.0,360.06606322140925,0.0,26.596124696489298,26.08118952277844,26.435468582308758
18880.0,360.07884040797546,0.0,26.596124696489298,26.080745868622902,26.435046982486195
18900.0,360.09160767659597,0.0,26.596124696489298,26.08030372098794,26.43462643064174
18920.0,360.1043650514189,0.0,26.596124696489298,26.079863075772906,26.43420692480054
18940.0,360.1171125565309,0.0,26.596124696489298,26.079423928888392,26.433788462991302
18960.0,360.12985021596717,0.0,26.596124696489298,26.078986276256202,26.43337104324625
18980.0,360.14257805369783,0.0,26.596124696489298,26.078550113809317,26.432954663601148
19000.0,360.15529609363597,0.0,26.596124696489298,26.07811543749186,26.432539322095284
19020.0,360.16800435964,0.0,26.596124696489298,26.077682243259073,26.432125016771465
19040.0,360.18070287549784,0.0,26.596124696489298,26.077250527077286,26.43171174567601
19060.0,360.1933916649533,0.0,26.596124696489298,26.07682028492388,26.43129950685875
19080.0,360.20607075168397,0.0,26.596124696489298,26.076391512787264,26.43088829837301
19100.0,360.2187401593056,0.0,26.596124696489298,26.07596420666684,26.43047811827562
19120.0,360.2313999113854,0.0,26.596124696489298,26.075538362572974,26.43006896462689
19140.0,360.24405003142454,0.0,26.596124696489298,26.075113976526964,26.429660835490626
19160.0,360.2566905428693,0.0,26.596124696489298,26.07469104456101,26.429253728934103
19180.0,360.2693214691114,0.0,26.596124696489298,26.074269562718193,26.428847643028075
19200.0,360.28194283347864,0.0,26.596124696489298,26.073849527052428,26.428442575846763
19220.0,360.29455465924934,0.0,26.596124696489298,26.07343093362845,26.428038525467844
19240.0,360.30715696963284,0.0,26.596124696489298,26.073013778521776,26.42763548997246
19260.0,360.3197497877957,0.0,26.596124696489298,26.072598057818674,26.4272334674452
19280.0,360.3323331368359,0.0,26.596124696489298,26.07218376761614,26.426832455974093
19300.0,360.3449070397992,0.0,26.596124696489298,26.07177090402186,26.426432453650612
19320.0,360.357471519674,0.0,26.596124696489298,26.071359463154195,26.426033458569663
19340.0,360.3700265993972,0.0,26.596124696489298,26.070949441142133,26.42563546882958
19360.0,360.3825723018418,0.0,26.596124696489298,26.07054083412527,26.425238482532116
19380.0,360.39510864982344,0.0,26.596124696489298,26.070133638253782,26.424842497782443
19400.0,360.40763566611156,0.0,26.596124696489298,26.06972784968839,26.424447512689145
19420.0,360.4201533734107,0.0,26.596124696489298,26.06932346460034,26.424053525364208
19440.0,360.4326617943743,0.0,26.596124696489298,26.06892047917136,26.42366053392302
19460.0,360.44516095159713,0.0,26.596124696489298,26.068518889593644,26.423268536484365
19480.0,360.45765086761855,0.0,26.596124696489298,26.068118692069817,26.422877531170407
19500.0,360.47013156492596,0.0,26.596124696489298,26.067719882812906,26.422487516106703
19520.0,360.4826030659483,0.0,26.596124696489298,26.06732245804632,26.42209848942218
19540.0,360.4950653949114,0.0,26.596124696489298,26.066926414003806,26.42171044924914
19560.0,360.5075185704303,0.0,26.596124696489298,26.066531746929442,26.421323393723263
19580.0,360.51996261662237,0.0,26.596124696489298,26.066138453077574,26.420937320983565
19600.0,360.5323975556978,0.0,26.596124696489298,26.065746528712825,26.42055222917243
19620.0,360.5448234098114,0.0,26.596124696489298,26.065355970110044,26.420168116435587
19640.0,360.55724020106095,0.0,26.596124696489298,26.064966773554286,26.419784980922113
19660.0,360.5696479514991,0.0,26.596124696489298,26.06457893534078,26.419402820784423
19680.0,360.58204668311527,0.0,26.596124696489298,26.06419245177491,26.419021634178268
19700.0,360.59443641784543,0.0,26.596124696489298,26.063807319172177,26.41864141926272
19720.0,360.60681717758,0.0,26.596124696489298,26.063423533858174,26.418262174200173
19740.0,360.61918898414183,0.0,26.596124696489298,26.06304109216856,26.417883897156344
19760.0,360.63155185931333,0.0,26.596124696489298,26.062659990449028,26.417506586300252
19780.0,360.6439058248144,0.0,26.596124696489298,26.062280225055282,26.41713023980423
19800.0,360.6562509023162,0.0,26.596124696489298,26.061901792353012,26.41675485584391
19820.0,360.6685871134382,0.0,26.596124696489298,26.061524688717853,26.416380432598206
19840.0,360.68091447974103,0.0,26.596124696489298,26.061148910535376,26.416006968249338
19860.0,360.693233022737,0.0,26.596124696489298,26.060774454201045,26.415634460982798
19880.0,360.7055427638774,0.0,26.596124696489298,26.0604013161202,26.41526290898736
19900.0,360.71784372457523,0.0,26.596124696489298,26.060029492708022,26.41489231045507
19920.0,360.73013592618094,0.0,26.596124696489298,26.059658980389514,26.41452266358124
19940.0,360.74241938999035,0.0,26.596124696489298,26.05928977559947,26.41415396656445
19960.0,360.75469413725614,0.0,26.596124696489298,26.058921874782445,26.413786217606525
19980.0,360.76696018917045,0.0,26.596124696489298,26.05855527439273,26.41341941491255
20000.0,360.77921756687766,0.0,26.596124696489298,26.05818997089433,26.413053556690855
20020.0,360.7914662914721,0.0,26.596124696489298,26.057825960760926,26.412688641153004
20040.0,360.80370638398887,0.0,26.596124696489298,26.057463240475865,26.4123246665138
20060.0,360.81593786541987,0.0,26.596124696489298,26.05710180653212,26.411961630991275
20080.0,360.8281607566958,0.0,26.596124696489298,26.056741655432266,26.411599532806687
20100.0,360.84037507870585,0.0,26.596124696489298,26.056382783688456,26.411238370184506
20120.0,360.8525808522795,0.0,26.596124696489298,26.056025187822396,26.410878141352423
20140.0,360.8647780982065,0.0,26.596124696489298,26.055668864365312,26.410518844541333
20160.0,360.87696683720907,0.0,26.596124696489298,26.05531380985793,26.41016047798533
20180.0,360.88914708997726,0.0,26.596124696489298,26.05496002085045,26.40980303992171
20200.0,360.90131887713244,0.0,26.596124696489298,26.054607493902516,26.40944652859096
20220.0,360.9134822192587,0.0,26.596124696489298,26.054256225583188,26.409090942236755
20240.0,360.9256371368807,0.0,26.596124696489298,26.053906212470928,26.40873627910595
20260.0,360.937783650484,0.0,26.596124696489298,26.05355745115356,26.40838253744857
20280.0,360.94992178048545,0.0,26.596124696489298,26.05320993822825,26.40802971551782
20300.0,360.9620515472706,0.0,26.596124696489298,26.052863670301484,26.407677811570068
20320.0,360.97417297116414,0.0,26.596124696489298,26.052518643989035,26.407326823864835
20340.0,360.98628607244433,0.0,26.596124696489298,26.052174855915947,26.406976750664807
20360.0,360.99839087133915,0.0,26.596124696489298,26.051832302716495,26.40662759023581
20380.0,361.0104873880267,0.0,26.596124696489298,26.051490981034174,26.406279340846822
20400.0,361.0225756426382,0.0,26.596124696489298,26.051150887521672,26.405932000769955
20420.0,361.0346556552434,0.0,26.596124696489298,26.05081201884083,26.405585568280454
20440.0,361.0467274458844,0.0,26.596124696489298,26.050474371662634,26.405240041656697
20460.0,361.0587910345372,0.0,26.596124696489298,26.05013794266718,26.404895419180182
20480.0,361.0708464411315,0.0,26.596124696489298,26.049802728543657,26.404551699135524
20500.0,361.08289368555205,0.0,26.596124696489298,26.049468725990312,26.404208879810454
20520.0,361.0949327876322,0.0,26.596124696489298,26.04913593171443,26.40386695949581
20540.0,361.10696376715697,0.0,26.596124696489298,26.048804342432312,26.403525936485533
20560.0,361.1189866438671,0.0,26.596124696489298,26.048473954869248,26.403185809076653
20580.0,361.1310014374456,0.0,26.596124696489298,26.048144765759485,26.402846575569303
20600.0,361.14300816753604,0.0,26.596124696489298,26.047816771846215,26.402508234266698
20620.0,361.15500685372757,0.0,26.596124696489298,26.047489969881543,26.402170783475135
20640.0,361.166997515567,0.0,26.596124696489298,26.047164356626464,26.401834221503986
20660.0,361.17898017254646,0.0,26.596124696489298,26.046839928850837,26.401498546665696
20680.0,361.1909548441183,0.0,26.596124696489298,26.046516683333362,26.40116375727578
20700.0,361.2029215496789,0.0,26.596124696489298,26.046194616861555,26.4008298516528
20720.0,361.2148803085849,0.0,26.596124696489298,26.045873726231726,26.400496828118392
20740.0,361.2268311401376,0.0,26.596124696489298,26.04555400824895,26.40016468499723
20760.0,361.23877406359816,0.0,26.596124696489298,26.04523545972705,26.399833420617036
20780.0,361.2507090981762,0.0,26.596124696489298,26.04491807748856,26.399503033308577
20800.0,361.26263626302983,0.0,26.596124696489298,26.044601858364725,26.39917352140565
20820.0,361.2745555772844,0.0,26.596124696489298,26.044286799195447,26.398844883245086
20840.0,361.28646706000427,0.0,26.596124696489298,26.04397289682928,26.39851711716674
20860.0,361.29837073021434,0.0,26.596124696489298,26.043660148123408,26.398190221513488
20880.0,361.31026660688605,0.0,26.596124696489298,26.043348549943605,26.397864194631218
20900.0,361.3221547089551,0.0,26.596124696489298,26.04303809916423,26.397539034868828
20920.0,361.3340350116032,0.0,26.596124696489298,26.042728792668566,26.39721475355068
20940.0,361.34590749158673,0.0,26.596124696489298,26.04242062735011,26.396891361996545
20960.0,361.35777220482555,0.0,26.596124696489298,26.04211360011063,26.396568847670075
20980.0,361.369629179905,0.0,26.596124696489298,26.04180770785972,26.39624720541598
21000.0,361.38147844205054,0.0,26.596124696489298,26.041502947515216,26.395926431766068
21020.0,361.3933200139072,0.0,26.596124696489298,26.041199316003237,26.39560652390293
21040.0,361.40515391691366,0.0,26.596124696489298,26.040896810258236,26.39528747934661
21060.0,361.4169801717946,0.0,26.596124696489298,26.04059542722298,26.394969295820214
21080.0,361.4287987987799,0.0,26.596124696489298,26.040295163848548,26.394651971181013
21100.0,361.4406098177526,0.0,26.596124696489298,26.03999601709432,26.394335503380866
21120.0,361.45241324833495,0.0,26.596124696489298,26.03969798392796,26.394019890441637
21140.0,361.4642091099206,0.0,26.596124696489298,26.039401061325396,26.39370513043898
21160.0,361.4759974217458,0.0,26.596124696489298,26.0391052462708,26.393391221491157
21180.0,361.4877782028811,0.0,26.596124696489298,26.038810535756575,26.393078161751028
21200.0,361.49955147226734,0.0,26.596124696489298,26.038516926783334,26.39276594940015
21220.0,361.5113172487414,0.0,26.596124696489298,26.038224416359874,26.392454582644323
21240.0,361.5230755510254,0.0,26.596124696489298,26.03793300150316,26.392144059710127
21260.0,361.53482639775467,0.0,26.596124696489298,26.0376426792383,26.391834378842226
21280.0,361.546569807471,0.0,26.596124696489298,26.03735344659853,26.3915255383012
21300.0,361.5583057986395,0.0,26.596124696489298,26.037065300625184,26.391217536361783
21320.0,361.5700343896441,0.0,26.596124696489298,26.03677823836768,26.39091037131143
21340.0,361.58175559879703,0.0,26.596124696489298,26.036492256883502,26.390604041449127
21360.0,361.59346944434645,0.0,26.596124696489298,26.03620735323816,26.390298545084377
21380.0,361.60517594446947,0.0,26.596124696489298,26.035923524505197,26.389993880536377
21400.0,361.6168751172778,0.0,26.596124696489298,26.035640767766136,26.389690046133282
21420.0,361.62856698083135,0.0,26.596124696489298,26.035359080110485,26.389387040211595
21440.0,361.6402515531123,0.0,26.596124696489298,26.035078458635702,26.389084861115634
21460.0,361.6519288520625,0.0,26.596124696489298,26.034798900447175,26.388783507197065
21480.0,361.66359889555605,0.0,26.596124696489298,26.034520402658202,26.388482976814498
21500.0,361.6752617014217,0.0,26.596124696489298,26.03424296238997,26.388183268333133
21520.0,361.68691728741993,0.0,26.596124696489298,26.033966576771537,26.387884380124444
21540.0,361.69856567127164,0.0,26.596124696489298,26.0336912429398,26.387586310565897
21560.0,361.710206870633,0.0,26.596124696489298,26.033416958039485,26.387289058040704
21580.0,361.7218409031128,0.0,26.596124696489298,26.03314371922312,26.386992620937605
21600.0,361.73346778628263,0.0,26.596124696489298,26.032871523651014,26.386696997650656
