bore_mm,peak_rate_kg_s,stack_UA_W_K,outlet_temperature_K,density_ratio,TNO_route,heat_into_fluid_W
4.0,0.008969730747988302,0.0,21.471417483860044,1.0194583623853055,SLABX_LH2,0.0
4.0,0.008969730747988302,0.05,21.601713410395046,1.0118349475710038,SLABX_LH2,13.580673008960334
4.0,0.008969730747988302,0.06285159826236074,21.63525272398922,1.0098940556505165,SLABX_LH2,17.070287001277133
4.0,0.008969730747988302,0.07900646808266375,21.677440497159047,1.0074649495605763,SLABX_LH2,21.456231670212127
4.0,0.008969730747988302,0.09931365584119217,21.73051510474314,1.0044282123956667,SLABX_LH2,26.96853709012552
4.0,0.008969730747988302,0.12484043997793935,21.79729857149765,1.0006371451085123,SLABX_LH2,33.89615146506285
4.0,0.008969730747988302,0.15692842360779607,21.88135080913103,0.9959126281594481,UNCOVERED,42.60196427662085
4.0,0.008969730747988302,0.19726404473085532,21.987165394245253,0.9900376497077705,UNCOVERED,53.54162026713242
4.0,0.008969730747988302,0.24796720982064158,22.12041818438369,0.982751894535491,UNCOVERED,67.2870571755435
4.0,0.008969730747988302,0.3117027090777096,22.288282945626705,0.9737470843095751,UNCOVERED,84.5559154979417
4.0,0.008969730747988302,0.3918202689648342,22.499831497740345,0.9626641751578904,UNCOVERED,106.24822482125653
4.0,0.008969730747988302,0.4925306027205578,22.766539501898123,0.9490940550531433,UNCOVERED,133.49207052582491
4.0,0.008969730747988302,0.619126711482218,23.10292256874302,0.9325839964649856,UNCOVERED,167.70028460025966
4.0,0.008969730747988302,0.778262066871538,23.527330327133036,0.9126526732533142,UNCOVERED,210.64057464951966
4.0,0.008969730747988302,0.9783002953968887,24.062927955839996,0.8888167643093933,UNCOVERED,264.5218815922051
4.0,0.008969730747988302,1.229754742924682,24.738895394379426,0.8606315850967389,UNCOVERED,332.1000913320083
4.0,0.008969730747988302,1.5458410212706963,25.59187495796146,0.8277462527996388,UNCOVERED,416.8064330215698
4.0,0.008969730747988302,1.9431715769276652,26.66769996049487,0.7899702151491647,UNCOVERED,522.9018293778308
4.0,0.008969730747988302,2.4426287861579126,28.023439246195206,0.7473428619959287,UNCOVERED,655.6598791501431
4.0,0.008969730747988302,3.0704624634335,29.72978460890647,0.7001928876695022,UNCOVERED,821.5796571386189
4.0,0.008969730747988302,3.8596694646276175,31.873761890670973,0.6491716113111369,UNCOVERED,1028.6265126803567
4.0,0.008969730747988302,4.85172789232552,34.5616146667043,0.5952468993174092,GH2_JET,1286.493673011085
4.0,0.008969730747988302,6.0987770473346785,37.921413471418504,0.5396522125310521,GH2_JET,1606.8686209446926
4.0,0.008969730747988302,7.666357697415714,42.104276595142565,0.48379724900497173,GH2_JET,2003.6749316035632
4.0,0.008969730747988302,9.636856682670583,47.281463743996454,0.42915986089578045,GH2_JET,2493.243151467367
4.0,0.008969730747988302,12.113836894623166,53.63112821489594,0.37718569230574805,GH2_JET,3094.350582688736
4.0,0.008969730747988302,15.227480198332385,61.30469882894616,0.32920366129583484,GH2_JET,3828.0830594851896
4.0,0.008969730747988302,19.1414293594728,70.37052692082645,0.28631061591950424,GH2_JET,4717.548294764994
4.0,0.008969730747988302,24.061388565378817,80.76999998153528,0.24915906773856866,GH2_JET,5787.575808440056
4.0,0.008969730747988302,30.245934554915014,92.35452400935802,0.21773934391498714,GH2_JET,7064.432775021266
4.0,0.008969730747988302,38.02010655430348,105.0030770753502,0.1914162083231878,GH2_JET,8575.084453137531
4.0,0.008969730747988302,47.7924892608646,118.71556811950938,0.16925302395968822,GH2_JET,10345.075421386493
4.0,0.008969730747988302,60.07668669964101,133.6159190091625,0.15034893182481468,GH2_JET,12394.163697055448
4.0,0.008969730747988302,75.518315547591,149.88854750221344,0.13401043994632175,GH2_JET,14729.087055399634
4.0,0.008969730747988302,94.92893660494767,167.67519634715296,0.11978710840915352,GH2_JET,17333.170724008534
4.0,0.008969730747988302,119.32870773934557,186.92988808386463,0.10744544057197675,GH2_JET,20153.605059276564
4.0,0.008969730747988302,150.0,207.24248684695044,0.09691397327248212,GH2_JET,23089.921319676378
6.0,0.020137214057838658,0.0,21.471417483860044,1.0194583623853055,SLABX_LH2,0.0
6.0,0.020137214057838658,0.05,21.52941725900351,1.0160483845878063,SLABX_LH2,13.582479388961398
6.0,0.020137214057838658,0.06285159826236074,21.544334987986893,1.0151756271455048,SLABX_LH2,17.073142144126802
6.0,0.020137214057838658,0.07900646808266375,21.563092749404007,1.0140806884900846,SLABX_LH2,21.46074479878085
6.0,0.020137214057838658,0.09931365584119217,21.586680799004043,1.0127076953887482,SLABX_LH2,26.975671630394245
6.0,0.020137214057838658,0.12484043997793935,21.616345742317144,1.0109871196099458,SLABX_LH2,33.907431266836134
6.0,0.020137214057838658,0.15692842360779607,21.65365742413329,1.0088326681594872,SLABX_LH2,42.619800156154135
6.0,0.020137214057838658,0.19726404473085532,21.700593535316877,1.0061375968702257,SLABX_LH2,53.56982729485486
6.0,0.020137214057838658,0.24796720982064158,21.75964674353478,1.0027704192712155,SLABX_LH2,67.33167451931165
6.0,0.020137214057838658,0.3117027090777096,21.833960489481335,0.9985700365840003,UNCOVERED,84.62650644518138
6.0,0.020137214057838658,0.3918202689648342,21.92750128538399,0.9933404100060086,UNCOVERED,106.35993928255583
6.0,0.020137214057838658,0.4925306027205578,22.045277478136015,0.986845052663942,UNCOVERED,133.66891877615853
6.0,0.020137214057838658,0.619126711482218,22.193617049238036,0.9788018594990321,UNCOVERED,167.98033545013735
6.0,0.020137214057838658,0.778262066871538,22.380520123408196,0.9688791430952801,UNCOVERED,211.08421054776827
6.0,0.020137214057838658,0.9783002953968887,22.616105354724894,0.9566942168641472,UNCOVERED,265.22490609857
6.0,0.020137214057838658,1.229754742924682,22.913173003286133,0.941816448927665,UNCOVERED,333.21452830919696
6.0,0.020137214057838658,1.5458410212706963,23.287910865361773,0.9237773198440161,UNCOVERED,418.57349277025844
6.0,0.020137214057838658,1.9431715769276652,23.76077172003948,0.9020904582919433,UNCOVERED,525.7040671009428
6.0,0.020137214057838658,2.4426287861579126,24.357552238969447,0.8762845393895866,UNCOVERED,660.103525857122
6.0,0.020137214057838658,3.0704624634335,25.110703739100842,0.8459507882761688,UNCOVERED,828.6242019995954
6.0,0.020137214057838658,3.8596694646276175,26.060906141124367,0.81080410769809,UNCOVERED,1039.7879503230695
6.0,0.020137214057838658,4.85172789232552,27.2589390695472,0.7707524033433983,UNCOVERED,1304.161931963717
6.0,0.020137214057838658,6.0987770473346785,28.76788382308522,0.7259633326163848,UNCOVERED,1634.800500719484
6.0,0.020137214057838658,7.666357697415714,30.665668936036493,0.6769135132958032,UNCOVERED,2047.7532425528286
6.0,0.020137214057838658,9.636856682670583,33.047893111669914,0.6244048368507364,UNCOVERED,2562.630279165725
6.0,0.020137214057838658,12.113836894623166,36.030664681399934,0.5695375643241488,GH2_JET,3203.2005917272636
6.0,0.020137214057838658,15.227480198332385,39.75277004999153,0.5136399025374979,GH2_JET,3997.9748299003695
6.0,0.020137214057838658,19.1414293594728,44.37547750214063,0.45816678207826506,GH2_JET,4980.689590501314
6.0,0.020137214057838658,24.061388565378817,50.07588317454089,0.4045923171194259,GH2_JET,6190.571627062385
6.0,0.020137214057838658,30.245934554915014,57.02548935530824,0.35431844564608744,GH2_JET,7672.248181954613
6.0,0.020137214057838658,38.02010655430348,65.3448266361211,0.3085856654948445,GH2_JET,9475.257112763447
6.0,0.020137214057838658,47.7924892608646,75.04527037710353,0.2683163053079031,GH2_JET,11653.345882075455
6.0,0.020137214057838658,60.07668669964101,86.01529497288219,0.23387256779180474,GH2_JET,14263.857318599534
6.0,0.020137214057838658,75.518315547591,98.10314249064851,0.20492771456417513,GH2_JET,17366.832351503585
6.0,0.020137214057838658,94.92893660494767,111.23766927983533,0.1806581632865248,GH2_JET,21022.18605508644
6.0,0.020137214057838658,119.32870773934557,125.4810848319735,0.16011091843666064,GH2_JET,25282.81252024069
6.0,0.020137214057838658,150.0,140.99593373376788,0.1424703758888959,GH2_JET,30181.935835799988
10.0,0.0555672611337545,0.0,21.471417483860044,1.0194583623853055,SLABX_LH2,0.0
10.0,0.0555672611337545,0.05,21.49242907742515,1.0182199439715447,SLABX_LH2,13.583403870002027
10.0,0.0555672611337545,0.06285159826236074,21.49783104617257,1.0179021209891856,SLABX_LH2,17.074603125063177
10.0,0.0555672611337545,0.07900646808266375,21.504622254882612,1.0175028911891761,SLABX_LH2,21.4630536965003
10.0,0.0555672611337545,0.09931365584119217,21.513160221312475,1.0170014945990415,SLABX_LH2,26.97932069732128
10.0,0.0555672611337545,0.12484043997793935,21.523894608273313,1.016371930037672,SLABX_LH2,33.9131986672281
10.0,0.0555672611337545,0.15692842360779607,21.537391050927383,1.0155816624643732,SLABX_LH2,42.62891616249264
10.0,0.0555672611337545,0.19726404473085532,21.554361188669702,1.014590029235367,SLABX_LH2,53.58423721625954
10.0,0.0555672611337545,0.24796720982064158,21.575700540195548,1.0133462855034616,SLABX_LH2,67.35445477670477
10.0,0.0555672611337545,0.3117027090777096,21.602536304358182,1.011787223422306,SLABX_LH2,84.66252321060061
10.0,0.0555672611337545,0.3918202689648342,21.63628773833635,1.0098342980641646,SLABX_LH2,106.41689148747966
10.0,0.0555672611337545,0.4925306027205578,21.67874249457131,1.0073901986559715,SLABX_LH2,133.7589905134513
10.0,0.0555672611337545,0.619126711482218,21.732153234598364,1.0043348225973983,SLABX_LH2,168.1228150682423
10.0,0.0555672611337545,0.778262066871538,21.79936003760123,1.0005206504120443,SLABX_LH2,211.30964407400225
10.0,0.0555672611337545,0.9783002953968887,21.88394565039458,0.995767594892371,UNCOVERED,265.5816871383116
10.0,0.0555672611337545,1.229754742924682,21.990432554811967,0.9898575245784696,UNCOVERED,333.77935833958674
10.0,0.0555672611337545,1.5458410212706963,22.1245332221058,0.982528862485974,UNCOVERED,419.46799014803804
10.0,0.0555672611337545,1.9431715769276652,22.29346781373862,0.9734719604462295,UNCOVERED,527.1211411572644
10.0,0.0555672611337545,2.4426287861579126,22.50636693139372,0.9623263682288938,UNCOVERED,662.3492461598793
10.0,0.0555672611337545,3.0704624634335,22.774780641851393,0.9486816561380089,UNCOVERED,832.1842182152262
10.0,0.0555672611337545,3.8596694646276175,23.113318546478062,0.9320840634619347,UNCOVERED,1045.4327246522907
10.0,0.0555672611337545,4.85172789232552,23.540448603364837,0.9120517938526227,UNCOVERED,1313.113156738532
10.0,0.0555672611337545,6.0987770473346785,24.07948423764544,0.888101977248117,UNCOVERED,1648.9936423279091
10.0,0.0555672611337545,7.666357697415714,24.759789965935095,0.8597917069204845,UNCOVERED,2070.2505115664735
10.0,0.0555672611337545,9.636856682670583,25.6182362871018,0.8267735802993781,UNCOVERED,2598.2678777536094
10.0,0.0555672611337545,12.113836894623166,26.70093651952001,0.7888624484763584,UNCOVERED,3259.5985147221245
10.0,0.0555672611337545,15.227480198332385,28.065300487983837,0.7461049439145274,UNCOVERED,4087.1024683972037
10.0,0.0555672611337545,19.1414293594728,29.782431455953425,0.6988383394524912,UNCOVERED,5121.270379984378
10.0,0.0555672611337545,24.061388565378817,31.939844875763043,0.6477229397912911,UNCOVERED,6411.719560923458
10.0,0.0555672611337545,30.245934554915014,34.644352417533895,0.5937347961722689,GH2_JET,8018.817070305952
10.0,0.0555672611337545,38.02010655430348,38.02465240064502,0.5381135502412392,GH2_JET,10015.328611078374
10.0,0.0555672611337545,47.7924892608646,42.232484760011566,0.4822722421342146,GH2_JET,12487.908972474399
10.0,0.0555672611337545,60.07668669964101,47.43954431543366,0.42768909095134505,GH2_JET,15538.1434762822
10.0,0.0555672611337545,75.518315547591,53.82381602790677,0.3758076357001023,GH2_JET,19282.76691120008
10.0,0.0555672611337545,94.92893660494767,61.535270374290704,0.3279522931375011,GH2_JET,23852.776255129414
10.0,0.0555672611337545,119.32870773934557,70.63913958926487,0.28521100699432045,GH2_JET,29391.639451863324
10.0,0.0555672611337545,150.0,81.07335012058957,0.24822043731478274,GH2_JET,36053.44578255147
18.0,0.17876003828278333,0.0,21.471417483860044,1.0194583623853055,SLABX_LH2,0.0
18.0,0.17876003828278333,0.05,21.4779480271799,1.0190730767659932,SLABX_LH2,13.583765865529683
18.0,0.17876003828278333,0.06285159826236074,21.47962671337418,1.0189740934875002,SLABX_LH2,17.0751751497734
18.0,0.17876003828278333,0.07900646808266375,21.481736949635096,1.018849695849688,SLABX_LH2,21.46395761903781
18.0,0.17876003828278333,0.09931365584119217,21.4843897009957,1.0186933674929433,SLABX_LH2,26.980749110073347
18.0,0.17876003828278333,0.12484043997793935,21.487724478831574,1.0184969263795418,SLABX_LH2,33.91545593895096
18.0,0.17876003828278333,0.15692842360779607,21.491916692472657,1.0182501020041603,SLABX_LH2,42.63248332976417
18.0,0.17876003828278333,0.19726404473085532,21.497186898618097,1.0179400070195923,SLABX_LH2,53.58987456626115
18.0,0.17876003828278333,0.24796720982064158,21.50381244102534,1.017550477915269,SLABX_LH2,67.36336403144988
18.0,0.17876003828278333,0.3117027090777096,21.512142102153806,1.017061253884233,SLABX_LH2,84.67660397593991
18.0,0.17876003828278333,0.3918202689648342,21.522614552313545,1.016446956674496,SLABX_LH2,106.43914682351364
18.0,0.17876003828278333,0.4925306027205578,21.535781590057084,1.0156758271502506,SLABX_LH2,133.79416846721983
18.0,0.17876003828278333,0.619126711482218,21.55233743259543,1.014708166793843,SLABX_LH2,168.17842370186034
18.0,0.17876003828278333,0.778262066871538,21.57315565315047,1.0134944251112357,SLABX_LH2,211.39755790296087
18.0,0.17876003828278333,0.9783002953968887,21.599335794487132,1.0119728680690943,SLABX_LH2,265.7206904429559
18.0,0.17876003828278333,1.229754742924682,21.632262241724384,1.0100667603823215,SLABX_LH2,333.999173334547
18.0,0.17876003828278333,1.5458410212706963,21.673678648071164,1.0076809991316913,SLABX_LH2,419.8156597701888
18.0,0.17876003828278333,1.9431715769276652,21.725782118973566,1.004698153273305,SLABX_LH2,527.6711477565175
18.0,0.17876003828278333,2.4426287861579126,21.791342528450905,1.0009739014054564,SLABX_LH2,663.2195607954513
18.0,0.17876003828278333,3.0704624634335,21.87385383134892,0.996331930808018,UNCOVERED,833.5617686288924
18.0,0.17876003828278333,3.8596694646276175,21.977726117943362,0.9905584810756611,UNCOVERED,1047.613825097204
18.0,0.17876003828278333,4.85172789232552,22.108529498461856,0.9833969072875914,UNCOVERED,1316.5677034444393
18.0,0.17876003828278333,6.0987770473346785,22.273303741608125,0.9745429252988397,UNCOVERED,1654.4670389131777
18.0,0.17876003828278333,7.666357697415714,22.48095089119229,0.9636416070722867,UNCOVERED,2078.9254280036425
18.0,0.17876003828278333,9.636856682670583,22.742731691344886,0.9502877215357375,UNCOVERED,2612.0207288295423
18.0,0.17876003828278333,12.113836894623166,23.072890226513497,0.9340316267378359,UNCOVERED,3281.4055215301337
18.0,0.17876003828278333,15.227480198332385,23.48943421366171,0.9143934854934532,UNCOVERED,4121.681232765482
18.0,0.17876003828278333,19.1414293594728,24.015100346253085,0.8908888321278032,UNCOVERED,5176.090947670693
18.0,0.17876003828278333,24.061388565378817,24.678534876262653,0.8630680208671858,UNCOVERED,6498.592722173466
18.0,0.17876003828278333,30.245934554915014,25.515720086078936,0.8305702792174922,UNCOVERED,8156.379633189062
18.0,0.17876003828278333,38.02010655430348,26.571679036747973,0.7931895557908974,UNCOVERED,10232.9120539651
18.0,0.17876003828278333,47.7924892608646,27.90249344912898,0.7509443187631589,UNCOVERED,12831.517048079353
18.0,0.17876003828278333,60.07668669964101,29.577663247743278,0.704138320335089,UNCOVERED,16079.58182346452
18.0,0.17876003828278333,75.518315547591,31.68279468972579,0.6533965737678372,UNCOVERED,20133.311291818492
18.0,0.17876003828278333,94.92893660494767,34.3224812501418,0.5996627827963408,GH2_JET,25182.91722618266
18.0,0.17876003828278333,119.32870773934557,37.622963379214454,0.5441519352764869,GH2_JET,31457.936790389787
18.0,0.17876003828278333,150.0,41.73353089210127,0.48826347363991823,GH2_JET,39232.12091643922
