case,tank_UA_W_K,bore_mm,peak_rate_kg_s,stack_UA_W_K,stack_outlet_K,stack_heat_W,density_ratio,TNO_route,UA_for_ratio_1_W_K,UA_for_ratio_0p6_W_K
UA0.6_D6_F0.6_P380_R360_dt20,0.6,6.0,0.020137214057838658,0.0,21.471417483860044,0.0,1.0194583623853055,SLABX_LH2,0.2899495840044072,10.678659417317093
UA0.6_D6_F0.6_P380_R360_dt20,0.6,6.0,0.020137214057838658,1.0,22.64170181990832,271.0951339936052,0.9553912884149935,UNCOVERED,0.2899495840044072,10.678659417317093
UA0.6_D6_F0.6_P380_R360_dt20,0.6,6.0,0.020137214057838658,5.0,27.438226318777517,1343.572868899762,0.7651220229087671,UNCOVERED,0.2899495840044072,10.678659417317093
UA0.6_D6_F0.6_P380_R360_dt20,0.6,6.0,0.020137214057838658,20.0,45.37978193024787,5193.848688998509,0.4476988301095607,GH2_JET,0.2899495840044072,10.678659417317093
UA0.6_D6_F0.6_P380_R360_dt20,0.6,6.0,0.020137214057838658,100.0,114.37590364492951,21936.67330517027,0.17568924440805708,GH2_JET,0.2899495840044072,10.678659417317093
UA0.6_D4_F0.6_P380_R360_dt20,0.6,4.0,0.008969730747988302,0.0,21.471417483860044,0.0,1.0194583623853055,SLABX_LH2,0.12915240864703262,4.756601357451361
UA0.6_D4_F0.6_P380_R360_dt20,0.6,4.0,0.008969730747988302,1.0,24.121152071429165,270.36035988569597,0.8863086803651578,UNCOVERED,0.12915240864703262,4.756601357451361
UA0.6_D4_F0.6_P380_R360_dt20,0.6,4.0,0.008969730747988302,5.0,34.962330653166205,1324.805406715423,0.5879972292922923,GH2_JET,0.12915240864703262,4.756601357451361
UA0.6_D4_F0.6_P380_R360_dt20,0.6,4.0,0.008969730747988302,20.0,72.26578960912174,4908.004151225427,0.27872980699785993,GH2_JET,0.12915240864703262,4.756601357451361
UA0.6_D4_F0.6_P380_R360_dt20,0.6,4.0,0.008969730747988302,100.0,171.9343376114435,17958.60079668857,0.11681868829622002,GH2_JET,0.12915240864703262,4.756601357451361
UA0.6_D10_F0.6_P380_R360_dt20,0.6,10.0,0.0555672611337545,0.0,21.471417483860044,0.0,1.0194583623853055,SLABX_LH2,0.8000959916163132,29.467028293792392
UA0.6_D10_F0.6_P380_R360_dt20,0.6,10.0,0.0555672611337545,1.0,21.89312817497727,271.46798075992274,0.9952547487268227,UNCOVERED,0.8000959916163132,29.467028293792392
UA0.6_D10_F0.6_P380_R360_dt20,0.6,10.0,0.0555672611337545,5.0,23.604423021271785,1353.0839907744894,0.909134099529808,UNCOVERED,0.8000959916163132,29.467028293792392
UA0.6_D10_F0.6_P380_R360_dt20,0.6,10.0,0.0555672611337545,20.0,30.159116299706938,5347.2283335888615,0.689306355860186,UNCOVERED,0.8000959916163132,29.467028293792392
UA0.6_D10_F0.6_P380_R360_dt20,0.6,10.0,0.0555672611337545,100.0,63.4841784447579,25022.355553335718,0.31774725181915925,GH2_JET,0.8000959916163132,29.467028293792392
UA0.6_D18_F0.6_P380_R360_dt20,0.6,18.0,0.17876003828278333,0.0,21.471417483860044,0.0,1.0194583623853055,SLABX_LH2,2.5739110975248796,94.79551445227543
UA0.6_D18_F0.6_P380_R360_dt20,0.6,18.0,0.17876003828278333,1.0,21.602176488762645,271.6132288201632,1.0118080904633606,SLABX_LH2,2.5739110975248796,94.79551445227543
UA0.6_D18_F0.6_P380_R360_dt20,0.6,18.0,0.17876003828278333,5.0,22.128100825916817,1356.754142670044,0.9823355951230457,UNCOVERED,2.5739110975248796,94.79551445227543
UA0.6_D18_F0.6_P380_R360_dt20,0.6,18.0,0.17876003828278333,20.0,24.130679152271895,5407.112660959438,0.8858997829417797,UNCOVERED,2.5739110975248796,94.79551445227543
UA0.6_D18_F0.6_P380_R360_dt20,0.6,18.0,0.17876003828278333,100.0,35.01027937148794,26493.703679146467,0.5871420539440717,GH2_JET,2.5739110975248796,94.79551445227543
UA0.8_D4_F0.6_P380_R360_dt20,0.8,4.0,0.008969376915963619,0.0,21.471417483860044,0.0,1.0194583623853055,SLABX_LH2,0.12914731392796822,4.756413722177102
UA0.8_D4_F0.6_P380_R360_dt20,0.8,4.0,0.008969376915963619,1.0,24.121257940145767,270.3603073590019,0.8863041342325509,UNCOVERED,0.12914731392796822,4.756413722177102
UA0.8_D4_F0.6_P380_R360_dt20,0.8,4.0,0.008969376915963619,5.0,34.96286351908784,1324.8040706974168,0.5879877112596555,GH2_JET,0.12914731392796822,4.756413722177102
UA0.8_D4_F0.6_P380_R360_dt20,0.8,4.0,0.008969376915963619,20.0,72.26751549398367,4907.98480872671,0.2787230880803995,GH2_JET,0.12914731392796822,4.756413722177102
UA0.8_D4_F0.6_P380_R360_dt20,0.8,4.0,0.008969376915963619,100.0,171.93759486892316,17958.37053475762,0.11681647450597986,GH2_JET,0.12914731392796822,4.756413722177102
UA0.8_D10_F0.6_P380_R360_dt20,0.8,10.0,0.05556096496006382,0.0,21.471417483860044,0.0,1.0194583623853055,SLABX_LH2,0.8000053349377284,29.463689465775666
UA0.8_D10_F0.6_P380_R360_dt20,0.8,10.0,0.05556096496006382,1.0,21.893176131399375,271.467956837034,0.9952520719523659,UNCOVERED,0.8000053349377284,29.463689465775666
UA0.8_D10_F0.6_P380_R360_dt20,0.8,10.0,0.05556096496006382,5.0,23.6046675539894,1353.0833838195724,0.9091229871204378,UNCOVERED,0.8000053349377284,29.463689465775666
UA0.8_D10_F0.6_P380_R360_dt20,0.8,10.0,0.05556096496006382,20.0,30.160110585414216,5347.2184282005965,0.6892815599262249,UNCOVERED,0.8000053349377284,29.463689465775666
UA0.8_D10_F0.6_P380_R360_dt20,0.8,10.0,0.05556096496006382,100.0,63.48850116364094,25022.122594809865,0.3177253302174815,GH2_JET,0.8000053349377284,29.463689465775666
UA0.8_D6_F0.6_P380_R360_dt20,0.8,6.0,0.020136413534671736,0.0,21.471417483860044,0.0,1.0194583623853055,SLABX_LH2,0.289938057516256,10.678234904063638
UA0.8_D6_F0.6_P380_R360_dt20,0.8,6.0,0.020136413534671736,1.0,22.641748721060168,271.09511066394424,0.9553889047249794,UNCOVERED,0.289938057516256,10.678234904063638
UA0.8_D6_F0.6_P380_R360_dt20,0.8,6.0,0.020136413534671736,5.0,27.43846670332113,1343.5722720179701,0.7651145331828971,UNCOVERED,0.289938057516256,10.678234904063638
UA0.8_D6_F0.6_P380_R360_dt20,0.8,6.0,0.020136413534671736,20.0,45.38071023309869,5193.839209651501,0.44768938067321323,GH2_JET,0.289938057516256,10.678234904063638
UA0.8_D6_F0.6_P380_R360_dt20,0.8,6.0,0.020136413534671736,100.0,114.37832309513426,21936.51193073764,0.17568551932154325,GH2_JET,0.289938057516256,10.678234904063638
UA0.8_D18_F0.6_P380_R360_dt20,0.8,18.0,0.17868695728431522,0.0,21.471417483860044,0.0,1.0194583623853055,SLABX_LH2,2.572858826587917,94.75675998056563
UA0.8_D18_F0.6_P380_R360_dt20,0.8,18.0,0.17868695728431522,1.0,21.602230030614542,271.6132020701221,1.0118049853092763,SLABX_LH2,2.572858826587917,94.75675998056563
UA0.8_D18_F0.6_P380_R360_dt20,0.8,18.0,0.17868695728431522,5.0,22.128370789021794,1356.753470026704,0.9823209740022011,UNCOVERED,2.572858826587917,94.75675998056563
UA0.8_D18_F0.6_P380_R360_dt20,0.8,18.0,0.17868695728431522,20.0,24.1317807216617,5407.101730185113,0.8858525311488982,UNCOVERED,2.572858826587917,94.75675998056563
UA0.8_D18_F0.6_P380_R360_dt20,0.8,18.0,0.17868695728431522,100.0,35.01582296774625,26493.425676734372,0.5870433498055023,GH2_JET,2.572858826587917,94.75675998056563
UA2_D10_F0.6_P380_R360_dt20,2.0,10.0,0.055169945431553645,0.0,21.471417483860044,0.0,1.0194583623853055,SLABX_LH2,0.7943751643836745,29.25633385250727
UA2_D10_F0.6_P380_R360_dt20,2.0,10.0,0.055169945431553645,1.0,21.89617595258126,271.4664603978719,0.9950846645848118,UNCOVERED,0.7943751643836745,29.25633385250727
UA2_D10_F0.6_P380_R360_dt20,2.0,10.0,0.055169945431553645,5.0,23.619964412860575,1353.0454158708385,0.9084284483263364,UNCOVERED,0.7943751643836745,29.25633385250727
UA2_D10_F0.6_P380_R360_dt20,2.0,10.0,0.055169945431553645,20.0,30.222303911185012,5346.598813935135,0.6877343009935586,UNCOVERED,0.7943751643836745,29.25633385250727
UA2_D10_F0.6_P380_R360_dt20,2.0,10.0,0.055169945431553645,100.0,63.75860362723644,25007.558266908818,0.31636160887248627,GH2_JET,0.7943751643836745,29.25633385250727
UA2_D6_F0.6_P380_R360_dt20,2.0,6.0,0.02005652543955712,0.0,21.471417483860044,0.0,1.0194583623853055,SLABX_LH2,0.2887877732773908,10.635870664562734
UA2_D6_F0.6_P380_R360_dt20,2.0,6.0,0.02005652543955712,1.0,22.64644817548574,271.09277306833127,0.9551501296160794,UNCOVERED,0.2887877732773908,10.635870664562734
UA2_D6_F0.6_P380_R360_dt20,2.0,6.0,0.02005652543955712,5.0,27.462552748186702,1343.5124650082623,0.7643648761408126,UNCOVERED,0.2887877732773908,10.635870664562734
UA2_D6_F0.6_P380_R360_dt20,2.0,6.0,0.02005652543955712,20.0,45.473706048694325,5192.889493058763,0.44674481538595046,GH2_JET,0.2887877732773908,10.635870664562734
UA2_D6_F0.6_P380_R360_dt20,2.0,6.0,0.02005652543955712,100.0,114.62042958483167,21920.35906584136,0.17531356142176444,GH2_JET,0.2887877732773908,10.635870664562734
UA2_D4_F0.6_P380_R360_dt20,2.0,4.0,0.0089535875170465,0.0,21.471417483860044,0.0,1.0194583623853055,SLABX_LH2,0.12891996720391052,4.748040686415761
UA2_D4_F0.6_P380_R360_dt20,2.0,4.0,0.0089535875170465,1.0,24.12599081822762,270.3579591490466,0.8861009515006234,UNCOVERED,0.12891996720391052,4.748040686415761
UA2_D4_F0.6_P380_R360_dt20,2.0,4.0,0.0089535875170465,5.0,34.986684442706725,1324.7443450552785,0.587562550380004,GH2_JET,0.12891996720391052,4.748040686415761
UA2_D4_F0.6_P380_R360_dt20,2.0,4.0,0.0089535875170465,20.0,72.34464066197417,4907.120280899902,0.278423170603548,GH2_JET,0.12891996720391052,4.748040686415761
UA2_D4_F0.6_P380_R360_dt20,2.0,4.0,0.0089535875170465,100.0,172.08312153899007,17948.082229009284,0.11671765316299415,GH2_JET,0.12891996720391052,4.748040686415761
UA2_D18_F0.6_P380_R360_dt20,2.0,18.0,0.1776130069642949,0.0,21.471417483860044,0.0,1.0194583623853055,SLABX_LH2,2.5573953445175124,94.18724973621526
UA2_D18_F0.6_P380_R360_dt20,2.0,18.0,0.1776130069642949,1.0,21.60302193367167,271.6128064281502,1.0117590615665535,SLABX_LH2,2.5573953445175124,94.18724973621526
UA2_D18_F0.6_P380_R360_dt20,2.0,18.0,0.1776130069642949,5.0,22.132363731725473,1356.7435212498715,0.982104775834584,UNCOVERED,2.5573953445175124,94.18724973621526
UA2_D18_F0.6_P380_R360_dt20,2.0,18.0,0.1776130069642949,20.0,24.148074127134876,5406.940053248928,0.8851542784570334,UNCOVERED,2.5573953445175124,94.18724973621526
UA2_D18_F0.6_P380_R360_dt20,2.0,18.0,0.1776130069642949,100.0,35.0978071863004,26489.314032228314,0.5855876392655502,GH2_JET,2.5573953445175124,94.18724973621526
UA6_D6_F0.6_P380_R360_dt20,6.0,6.0,0.02005786753106858,0.0,21.471417483860044,0.0,1.0194583623853055,SLABX_LH2,0.28880709764243584,10.636582368680127
UA6_D6_F0.6_P380_R360_dt20,6.0,6.0,0.02005786753106858,1.0,22.646368915018996,271.0928124936895,0.9551541556450404,UNCOVERED,0.28880709764243584,10.636582368680127
UA6_D6_F0.6_P380_R360_dt20,6.0,6.0,0.02005786753106858,5.0,27.46214652024281,1343.5134737060837,0.7643775065377808,UNCOVERED,0.28880709764243584,10.636582368680127
UA6_D6_F0.6_P380_R360_dt20,6.0,6.0,0.02005786753106858,20.0,45.472137909250606,5192.905509134419,0.44676070929904255,GH2_JET,0.28880709764243584,10.636582368680127
UA6_D6_F0.6_P380_R360_dt20,6.0,6.0,0.02005786753106858,100.0,114.61635149047837,21920.631224255016,0.1753198136824723,GH2_JET,0.28880709764243584,10.636582368680127
UA6_D4_F0.6_P380_R360_dt20,6.0,4.0,0.008954192200693432,0.0,21.471417483860044,0.0,1.0194583623853055,SLABX_LH2,0.12892867385873272,4.748361346994839
UA6_D4_F0.6_P380_R360_dt20,6.0,4.0,0.008954192200693432,1.0,24.12580925400332,270.35804923169127,0.8861087441564849,UNCOVERED,0.12892867385873272,4.748361346994839
UA6_D4_F0.6_P380_R360_dt20,6.0,4.0,0.008954192200693432,5.0,34.98577065029983,1324.7466362245614,0.5875788481274254,GH2_JET,0.12892867385873272,4.748361346994839
UA6_D4_F0.6_P380_R360_dt20,6.0,4.0,0.008954192200693432,20.0,72.34168307201999,4907.153439642661,0.2784346598196188,GH2_JET,0.12892867385873272,4.748361346994839
UA6_D4_F0.6_P380_R360_dt20,6.0,4.0,0.008954192200693432,100.0,172.07754202628,17948.476710796756,0.11672143890100004,GH2_JET,0.12892867385873272,4.748361346994839
UA6_D10_F0.6_P380_R360_dt20,6.0,10.0,0.05516815489579319,0.0,21.471417483860044,0.0,1.0194583623853055,SLABX_LH2,0.7943493830070949,29.255384340747327
UA6_D10_F0.6_P380_R360_dt20,6.0,10.0,0.05516815489579319,1.0,21.896189787338045,271.4664534965705,0.9950838926761989,UNCOVERED,0.7943493830070949,29.255384340747327
UA6_D10_F0.6_P380_R360_dt20,6.0,10.0,0.05516815489579319,5.0,23.62003496251245,1353.0452407631071,0.9084252478370334,UNCOVERED,0.7943493830070949,29.255384340747327
UA6_D10_F0.6_P380_R360_dt20,6.0,10.0,0.05516815489579319,20.0,30.22259072758788,5346.595956352754,0.6877271825495574,UNCOVERED,0.7943493830070949,29.255384340747327
UA6_D10_F0.6_P380_R360_dt20,6.0,10.0,0.05516815489579319,100.0,63.75984794672682,25007.49113454351,0.31635535379782936,GH2_JET,0.7943493830070949,29.255384340747327
UA6_D18_F0.6_P380_R360_dt20,6.0,18.0,0.1782918012841849,0.0,21.471417483860044,0.0,1.0194583623853055,SLABX_LH2,2.567169096244606,94.54721081800616
UA6_D18_F0.6_P380_R360_dt20,6.0,18.0,0.1782918012841849,1.0,21.602520297759103,271.6130570498191,1.0117881516830542,SLABX_LH2,2.567169096244606,94.54721081800616
UA6_D18_F0.6_P380_R360_dt20,6.0,18.0,0.1782918012841849,5.0,22.129834357301437,1356.7498233952247,0.9822417162911388,UNCOVERED,2.567169096244606,94.54721081800616
UA6_D18_F0.6_P380_R360_dt20,6.0,18.0,0.1782918012841849,20.0,24.13775279396933,5407.042470006524,0.8855964565715837,UNCOVERED,2.567169096244606,94.54721081800616
UA6_D18_F0.6_P380_R360_dt20,6.0,18.0,0.1782918012841849,100.0,35.04587541636405,26491.918554944314,0.5865088647256261,GH2_JET,2.567169096244606,94.54721081800616
